date,sku,prediction,lower,upper,seasonal,units,fold
2025-05-13,COFFEE,41.040479710454115,32.9055881251094,49.17537129579883,42.0,34,2025-05-13
2025-05-14,COFFEE,42.7850425465292,34.65015096118448,50.919934131873916,41.0,37,2025-05-13
2025-05-15,COFFEE,39.30901374851639,31.174122163171674,47.44390533386111,39.0,42,2025-05-13
2025-05-16,COFFEE,32.322071862109034,24.187180276764316,40.45696344745375,30.0,33,2025-05-13
2025-05-17,COFFEE,28.539887379430848,20.40499579408613,36.67477896477557,29.0,24,2025-05-13
2025-05-18,COFFEE,29.343044626929203,21.208153041584485,37.47793621227392,23.0,23,2025-05-13
2025-05-19,COFFEE,34.83688570439491,26.70199411905019,42.97177728973963,33.0,25,2025-05-13
2025-05-20,COFFEE,41.09331833149144,32.95842674614672,49.22820991683616,42.0,39,2025-05-13
2025-05-21,COFFEE,42.732641811328264,34.597750225983546,50.86753339667298,41.0,49,2025-05-13
2025-05-22,COFFEE,39.50709132536325,31.37219974001853,47.641982910707966,39.0,39,2025-05-13
2025-05-23,COFFEE,32.52014943895589,24.385257853611172,40.65504102430061,30.0,29,2025-05-13
2025-05-24,COFFEE,28.7379649562777,20.603073370932982,36.87285654162242,29.0,27,2025-05-13
2025-05-25,COFFEE,29.541122203776055,21.406230618431337,37.67601378912077,23.0,23,2025-05-13
2025-05-26,COFFEE,35.034963281241765,26.900071695897047,43.16985486658648,33.0,33,2025-05-13
2025-05-13,MILK,82.47948625381365,74.34459466846893,90.61437783915837,80.0,91,2025-05-13
2025-05-14,MILK,85.86447312501885,77.72958153967413,93.99936471036357,88.0,84,2025-05-13
2025-05-15,MILK,75.77115225674993,67.63626067140521,83.90604384209465,73.0,76,2025-05-13
2025-05-16,MILK,66.01297539411475,57.87808380877003,74.14786697945947,68.0,75,2025-05-13
2025-05-17,MILK,61.010818306558704,52.875926721213986,69.14570989190342,68.0,60,2025-05-13
2025-05-18,MILK,58.43044640282356,50.295554817478845,66.56533798816828,56.0,71,2025-05-13
2025-05-19,MILK,72.66009849395459,64.52520690860987,80.79499007929931,73.0,77,2025-05-13
2025-05-20,MILK,83.25015539785642,75.1152638125117,91.38504698320114,80.0,82,2025-05-13
2025-05-21,MILK,86.02977569079198,77.89488410544726,94.1646672761367,88.0,89,2025-05-13
2025-05-22,MILK,76.4921507085171,68.35725912317238,84.62704229386182,73.0,81,2025-05-13
2025-05-23,MILK,65.26451096636924,57.129619381024526,73.39940255171396,68.0,74,2025-05-13
2025-05-24,MILK,60.26235387881317,52.127462293468454,68.39724546415789,68.0,58,2025-05-13
2025-05-25,MILK,58.75370101086294,50.61880942551822,66.88859259620766,56.0,64,2025-05-13
2025-05-26,MILK,73.38109694572177,65.24620536037705,81.51598853106648,73.0,73,2025-05-13
2025-05-13,OATS,70.84300477874265,62.708113193397935,78.97789636408737,69.0,68,2025-05-13
2025-05-14,OATS,73.01228270046656,64.87739111512184,81.14717428581127,73.0,73,2025-05-13
2025-05-15,OATS,64.70612098414942,56.571229398804704,72.84101256949414,64.0,66,2025-05-13
2025-05-16,OATS,57.47614690999841,49.341255324653694,65.61103849534314,56.0,54,2025-05-13
2025-05-17,OATS,49.55800862198379,41.42311703663907,57.692900207328506,46.0,43,2025-05-13
2025-05-18,OATS,51.251728109683576,43.11683652433886,59.386619695028294,50.0,50,2025-05-13
2025-05-19,OATS,64.59126193309267,56.45637034774795,72.72615351843739,59.0,58,2025-05-13
2025-05-20,OATS,71.04929821784972,62.914406632505006,79.18418980319444,69.0,67,2025-05-13
2025-05-21,OATS,72.98496796568752,64.8500763803428,81.11985955103223,73.0,79,2025-05-13
2025-05-22,OATS,64.81923952082921,56.684347935484496,72.95413110617393,64.0,60,2025-05-13
2025-05-23,OATS,57.87201997805684,49.73712839271212,66.00691156340156,56.0,55,2025-05-13
2025-05-24,OATS,49.67112715866358,41.53623557331886,57.8060187440083,46.0,52,2025-05-13
2025-05-25,OATS,51.36484664636337,43.22995506101865,59.499738231708086,50.0,50,2025-05-13
2025-05-26,OATS,64.70438046977246,56.56948888442774,72.83927205511718,59.0,69,2025-05-13
2025-05-13,RICE,59.125902708440925,50.99101112309621,67.26079429378564,57.0,49,2025-05-13
2025-05-14,RICE,58.824877573285995,50.68998598794128,66.9597691586307,62.0,61,2025-05-13
2025-05-15,RICE,55.756451932756775,47.62156034741206,63.89134351810149,55.0,59,2025-05-13
2025-05-16,RICE,43.63416632462392,35.4992747392792,51.76905790996864,40.0,45,2025-05-13
2025-05-17,RICE,38.972699344417904,30.837807759073186,47.10759092976262,35.0,43,2025-05-13
2025-05-18,RICE,38.60424865396109,30.469357068616375,46.73914023930581,43.0,39,2025-05-13
2025-05-19,RICE,51.84069777254011,43.70580618719539,59.97558935788483,55.0,50,2025-05-13
2025-05-20,RICE,59.332196147548,51.19730456220328,67.46708773289271,57.0,51,2025-05-13
2025-05-21,RICE,59.138555605077514,51.003664019732796,67.27344719042223,62.0,50,2025-05-13
2025-05-22,RICE,56.07012996454829,47.935238379203575,64.20502154989302,55.0,58,2025-05-13
2025-05-23,RICE,43.94784435641544,35.81295277107072,52.082735941760156,40.0,41,2025-05-13
2025-05-24,RICE,39.28637737620942,31.151485790864704,47.42126896155414,35.0,38,2025-05-13
2025-05-25,RICE,38.91792668575261,30.783035100407893,47.05281827109733,43.0,36,2025-05-13
2025-05-26,RICE,52.15437580433163,44.01948421898691,60.28926738967635,55.0,44,2025-05-13
2025-05-13,SOAP,75.26506650067155,67.13017491532683,83.39995808601627,66.0,75,2025-05-13
2025-05-14,SOAP,78.22312359508359,70.08823200973887,86.35801518042831,85.0,80,2025-05-13
2025-05-15,SOAP,70.66425200582384,62.52936042047912,78.79914359116856,67.0,66,2025-05-13
2025-05-16,SOAP,60.47071957959357,52.33582799424885,68.6056111649383,61.0,57,2025-05-13
2025-05-17,SOAP,53.06227991408463,44.92738832873991,61.197171499429345,51.0,53,2025-05-13
2025-05-18,SOAP,56.91272337704174,48.777831791697025,65.04761496238646,58.0,49,2025-05-13
2025-05-19,SOAP,65.62778449682168,57.49289291147696,73.7626760821664,61.0,64,2025-05-13
2025-05-20,SOAP,75.10229278681953,66.96740120147481,83.23718437216425,66.0,76,2025-05-13
2025-05-21,SOAP,77.99065878301174,69.85576719766702,86.12555036835646,85.0,75,2025-05-13
2025-05-22,SOAP,70.80672056982499,62.67182898448027,78.94161215516971,67.0,70,2025-05-13
2025-05-23,SOAP,60.72006361611296,52.58517203076824,68.85495520145767,61.0,61,2025-05-13
2025-05-24,SOAP,52.84783399324913,44.712942407904414,60.98272557859385,51.0,51,2025-05-13
2025-05-25,SOAP,57.496750000141056,49.36185841479634,65.63164158548577,58.0,60,2025-05-13
2025-05-26,SOAP,65.76685831603321,57.63196673068849,73.90174990137793,61.0,73,2025-05-13
2025-05-13,TEA,50.48709691947891,42.35220533413419,58.621988504823626,50.0,52,2025-05-13
2025-05-14,TEA,52.48598528532899,44.35109369998427,60.620876870673705,49.0,53,2025-05-13
2025-05-15,TEA,47.93742852287062,39.8025369375259,56.07232010821534,48.0,43,2025-05-13
2025-05-16,TEA,37.708124762192774,29.573233176848056,45.84301634753749,37.0,42,2025-05-13
2025-05-17,TEA,35.02943835554031,26.89454677019559,43.164329940885025,34.0,36,2025-05-13
2025-05-18,TEA,35.99090853930171,27.85601695395699,44.125800124646425,39.0,35,2025-05-13
2025-05-19,TEA,41.081421755110235,32.946530169765516,49.21631334045495,40.0,39,2025-05-13
2025-05-20,TEA,50.33901346034635,42.20412187500163,58.47390504569107,50.0,46,2025-05-13
2025-05-21,TEA,52.43358455012805,44.298692964783335,60.56847613547277,49.0,49,2025-05-13
2025-05-22,TEA,47.885027787669685,39.75013620232497,56.0199193730144,48.0,48,2025-05-13
2025-05-23,TEA,37.90620233903963,29.771310753694912,46.04109392438435,37.0,34,2025-05-13
2025-05-24,TEA,35.22751593238716,27.092624347042445,43.36240751773188,34.0,35,2025-05-13
2025-05-25,TEA,36.18898611614856,28.054094530803845,44.32387770149328,39.0,30,2025-05-13
2025-05-26,TEA,41.27949933195709,33.14460774661237,49.41439091730181,40.0,41,2025-05-13
2025-05-27,COFFEE,39.862148149300204,32.24822555247591,47.4760707461245,39.0,40,2025-05-27
2025-05-28,COFFEE,44.370366235827206,36.75644363900291,51.9842888326515,49.0,41,2025-05-27
2025-05-29,COFFEE,38.90977613589702,31.295853539072723,46.523698732721314,39.0,39,2025-05-27
2025-05-30,COFFEE,30.978498520391007,23.36457592356671,38.5924211172153,29.0,31,2025-05-27
2025-05-31,COFFEE,27.242963546794453,19.629040949970157,34.85688614361875,27.0,28,2025-05-27
2025-06-01,COFFEE,27.014234091750755,19.40031149492646,34.62815668857505,23.0,25,2025-05-27
2025-06-02,COFFEE,35.37981530347273,27.765892706648437,42.99373790029703,33.0,36,2025-05-27
2025-06-03,COFFEE,40.156360445092474,32.54243784826818,47.77028304191677,39.0,44,2025-05-27
2025-06-04,COFFEE,44.68951190781788,37.075589310993585,52.303434504642176,49.0,38,2025-05-27
2025-06-05,COFFEE,39.04091999903025,31.426997402205956,46.65484259585455,39.0,34,2025-05-27
2025-06-06,COFFEE,31.109642383524243,23.495719786699947,38.72356498034854,29.0,34,2025-05-27
2025-06-07,COFFEE,27.3925644434221,19.778641846597804,35.0064870402464,27.0,25,2025-05-27
2025-06-08,COFFEE,27.167403111491637,19.553480514667342,34.78132570831593,23.0,31,2025-05-27
2025-06-09,COFFEE,35.53298432321361,27.919061726389316,43.14690692003791,33.0,32,2025-05-27
2025-05-27,MILK,86.29534571425597,78.68142311743168,93.90926831108027,82.0,88,2025-05-27
2025-05-28,MILK,87.23923852280927,79.62531592598498,94.85316111963357,89.0,80,2025-05-27
2025-05-29,MILK,80.02672340445349,72.4128008076292,87.64064600127779,81.0,85,2025-05-27
2025-05-30,MILK,66.84404680919602,59.23012421237172,74.45796940602031,74.0,71,2025-05-27
2025-05-31,MILK,60.02896003623981,52.415037439415514,67.6428826330641,58.0,53,2025-05-27
2025-06-01,MILK,61.44268132513118,53.82875872830689,69.05660392195549,64.0,71,2025-05-27
2025-06-02,MILK,74.49890605245913,66.88498345563484,82.11282864928343,73.0,87,2025-05-27
2025-06-03,MILK,86.19531436977226,78.58139177294797,93.80923696659656,82.0,90,2025-05-27
2025-06-04,MILK,87.73245861385085,80.11853601702656,95.34638121067515,89.0,95,2025-05-27
2025-06-05,MILK,80.72579764708644,73.11187505026214,88.33972024391073,81.0,79,2025-05-27
2025-06-06,MILK,67.16396103502876,59.55003843820447,74.77788363185306,74.0,58,2025-05-27
2025-06-07,MILK,60.41945911878033,52.805536521956036,68.03338171560463,58.0,49,2025-05-27
2025-06-08,MILK,62.04199246113952,54.428069864315226,69.65591505796382,64.0,64,2025-05-27
2025-06-09,MILK,75.11954484047119,67.5056222436469,82.73346743729549,73.0,69,2025-05-27
2025-05-27,OATS,69.91489102837329,62.300968431548995,77.52881362519759,67.0,64,2025-05-27
2025-05-28,OATS,72.8494364328994,65.2355138360751,80.46335902972369,79.0,70,2025-05-27
2025-05-29,OATS,66.22501610385211,58.61109350702782,73.83893870067641,60.0,59,2025-05-27
2025-05-30,OATS,58.44055785637606,50.826635259551765,66.05448045320036,55.0,51,2025-05-27
2025-05-31,OATS,50.48306888909069,42.86914629226639,58.096991485914984,52.0,48,2025-05-27
2025-06-01,OATS,51.25072169909144,43.63679910226715,58.86464429591574,50.0,53,2025-05-27
2025-06-02,OATS,61.709182779782005,54.09526018295771,69.32310537660629,69.0,59,2025-05-27
2025-06-03,OATS,69.42852377470464,61.81460117788035,77.04244637152894,67.0,72,2025-05-27
2025-06-04,OATS,73.53618702146379,65.9222644246395,81.15010961828808,79.0,68,2025-05-27
2025-06-05,OATS,66.43629397071341,58.82237137388911,74.0502165675377,60.0,60,2025-05-27
2025-06-06,OATS,58.60417620971949,50.990253612895195,66.2180988065438,55.0,65,2025-05-27
2025-06-07,OATS,51.15603616533342,43.54211356850912,58.769958762157714,52.0,48,2025-05-27
2025-06-08,OATS,51.95442652010442,44.340503923280124,59.568349116928715,50.0,45,2025-05-27
2025-06-09,OATS,62.434215252798694,54.8202926559744,70.04813784962299,69.0,54,2025-05-27
2025-05-27,RICE,53.359759263085316,45.74583666626102,60.97368185990961,51.0,57,2025-05-27
2025-05-28,RICE,54.396693305265565,46.78277070844127,62.01061590208986,50.0,56,2025-05-27
2025-05-29,RICE,53.22721848104292,45.61329588421862,60.84114107786721,58.0,56,2025-05-27
2025-05-30,RICE,42.049836841449206,34.43591424462491,49.6637594382735,41.0,47,2025-05-27
2025-05-31,RICE,38.016358872355276,30.40243627553098,45.63028146917957,38.0,41,2025-05-27
2025-06-01,RICE,37.419596737108535,29.80567414028424,45.03351933393283,36.0,43,2025-05-27
2025-06-02,RICE,46.077477156185005,38.46355455936071,53.6913997530093,44.0,56,2025-05-27
2025-06-03,RICE,54.057238196545974,46.44331559972168,61.67116079337027,51.0,53,2025-05-27
2025-06-04,RICE,55.12124913682667,47.507326540002374,62.735171733650965,50.0,59,2025-05-27
2025-06-05,RICE,53.32819717157886,45.71427457475456,60.94211976840315,58.0,58,2025-05-27
2025-06-06,RICE,42.137985658030644,34.52406306120635,49.75190825485494,41.0,50,2025-05-27
2025-06-07,RICE,38.12296472243112,30.509042125606825,45.736887319255416,38.0,33,2025-05-27
2025-06-08,RICE,37.52977071029762,29.915848113473324,45.143693307121914,36.0,40,2025-05-27
2025-06-09,RICE,46.18765112937409,38.573728532549794,53.801573726198384,44.0,55,2025-05-27
2025-05-27,SOAP,74.27308296074963,66.65916036392534,81.88700555757393,76.0,73,2025-05-27
2025-05-28,SOAP,74.99914206660479,67.3852194697805,82.61306466342909,75.0,80,2025-05-27
2025-05-29,SOAP,71.55142434020985,63.93750174338555,79.16534693703414,70.0,69,2025-05-27
2025-05-30,SOAP,62.145464323500015,54.53154172667572,69.75938692032432,61.0,62,2025-05-27
2025-05-31,SOAP,53.91172311182562,46.29780051500133,61.52564570864992,51.0,62,2025-05-27
2025-06-01,SOAP,56.830545044434224,49.21662244760993,64.44446764125851,60.0,59,2025-05-27
2025-06-02,SOAP,65.58071526136868,57.966792664544386,73.19463785819298,73.0,56,2025-05-27
2025-06-03,SOAP,74.52910881760303,66.91518622077874,82.14303141442733,76.0,77,2025-05-27
2025-06-04,SOAP,75.60018396562326,67.98626136879896,83.21410656244755,75.0,84,2025-05-27
2025-06-05,SOAP,71.65830852206649,64.0443859252422,79.27223111889079,70.0,69,2025-05-27
2025-06-06,SOAP,62.07427399665909,54.46035139983479,69.68819659348338,61.0,65,2025-05-27
2025-06-07,SOAP,54.302222194366145,46.68829959754185,61.91614479119044,51.0,50,2025-05-27
2025-06-08,SOAP,57.25178167174499,49.6378590749207,64.86570426856929,60.0,48,2025-05-27
2025-06-09,SOAP,66.20135404938074,58.587431452556444,73.81527664620504,73.0,66,2025-05-27
2025-05-27,TEA,47.338864506945995,39.7249419101217,54.95278710377029,46.0,49,2025-05-27
2025-05-28,TEA,49.88404138576895,42.27011878894466,57.49796398259325,49.0,59,2025-05-27
2025-05-29,TEA,46.125803164144706,38.51188056732041,53.739725760969,48.0,41,2025-05-27
2025-05-30,TEA,36.70093086914371,29.087008272319416,44.31485346596801,34.0,43,2025-05-27
2025-05-31,TEA,31.912270414994875,24.29834781817058,39.526193011819174,35.0,33,2025-05-27
2025-06-01,TEA,33.35716956043729,25.743246963612997,40.97109215726159,30.0,36,2025-05-27
2025-06-02,TEA,40.49123677999724,32.87731418317294,48.10515937682153,41.0,42,2025-05-27
2025-06-03,TEA,47.91775138021714,40.303828783392845,55.531673977041436,46.0,50,2025-05-27
2025-06-04,TEA,50.53300020369234,42.91907760686804,58.146922800516634,49.0,50,2025-05-27
2025-06-05,TEA,46.15118484104293,38.53726224421863,53.76510743786722,48.0,50,2025-05-27
2025-06-06,TEA,36.8915522927323,29.277629695908004,44.505474889556595,34.0,36,2025-05-27
2025-06-07,TEA,32.12134887207787,24.50742627525357,39.73527146890216,35.0,36,2025-05-27
2025-06-08,TEA,33.51033858017817,25.896415983353876,41.12426117700247,30.0,32,2025-05-27
2025-06-09,TEA,40.81344949802257,33.199526901198276,48.427372094846866,41.0,41,2025-05-27
2025-06-10,COFFEE,40.869483892593784,32.38371496226572,49.35525282292185,44.0,44,2025-06-10
2025-06-11,COFFEE,40.46708022397991,31.98131129365185,48.95284915430798,38.0,41,2025-06-10
2025-06-12,COFFEE,38.28021340258502,29.794444472256956,46.76598233291308,34.0,37,2025-06-10
2025-06-13,COFFEE,32.603915913864604,24.11814698353654,41.08968484419267,34.0,34,2025-06-10
2025-06-14,COFFEE,25.708731199148357,17.222962268820293,34.194500129476424,25.0,24,2025-06-10
2025-06-15,COFFEE,28.685033890828915,20.19926496050085,37.17080282115698,31.0,24,2025-06-10
2025-06-16,COFFEE,34.331509990926214,25.84574106059815,42.81727892125428,32.0,31,2025-06-10
2025-06-17,COFFEE,40.91559173407896,32.429822803750895,49.40136066440702,44.0,40,2025-06-10
2025-06-18,COFFEE,40.510621348376,32.024852418047935,48.99639027870406,38.0,36,2025-06-10
2025-06-19,COFFEE,38.323754526981105,29.83798559665304,46.80952345730917,34.0,38,2025-06-10
2025-06-20,COFFEE,32.64745703826069,24.161688107932626,41.133225968588754,34.0,27,2025-06-10
2025-06-21,COFFEE,25.75227232354444,17.266503393216375,34.2380412538725,25.0,28,2025-06-10
2025-06-22,COFFEE,28.728575015224997,20.242806084896934,37.21434394555306,31.0,19,2025-06-10
2025-06-23,COFFEE,34.3750511153223,25.889282184994237,42.860820045650364,32.0,30,2025-06-10
2025-06-10,MILK,84.70200023309364,76.21623130276558,93.1877691634217,90.0,78,2025-06-10
2025-06-11,MILK,86.22346260345388,77.73769367312582,94.70923153378195,95.0,85,2025-06-10
2025-06-12,MILK,78.93714933508232,70.45138040475426,87.42291826541039,79.0,82,2025-06-10
2025-06-13,MILK,65.11283366089752,56.62706473056946,73.59860259122559,58.0,58,2025-06-10
2025-06-14,MILK,56.31423238694607,47.828463456618,64.80000131727414,49.0,57,2025-06-10
2025-06-15,MILK,60.19589557221592,51.710126641887854,68.68166450254398,64.0,72,2025-06-10
2025-06-16,MILK,70.09279604577188,61.60702711544381,78.57856497609994,69.0,66,2025-06-10
2025-06-17,MILK,84.74810807457881,76.26233914425075,93.23387700490687,90.0,88,2025-06-10
2025-06-18,MILK,87.1180858071859,78.63231687685784,95.60385473751397,95.0,82,2025-06-10
2025-06-19,MILK,79.8410210657279,71.35525213539984,88.32678999605596,79.0,81,2025-06-10
2025-06-20,MILK,66.0903992574892,57.60463032716113,74.57616818781726,58.0,73,2025-06-10
2025-06-21,MILK,57.26701943559945,48.78125050527139,65.75278836592751,49.0,64,2025-06-10
2025-06-22,MILK,61.33028372152969,52.844514791201625,69.81605265185775,64.0,68,2025-06-10
2025-06-23,MILK,70.76220078555964,62.27643185523158,79.2479697158877,69.0,65,2025-06-10
2025-06-10,OATS,71.73007938986258,63.24431045953452,80.21584832019064,72.0,61,2025-06-10
2025-06-11,OATS,73.1204315558686,64.63466262554054,81.60620048619667,68.0,72,2025-06-10
2025-06-12,OATS,65.4919379903761,57.00616906004804,73.97770692070416,60.0,60,2025-06-10
2025-06-13,OATS,60.79803858077337,52.31226965044531,69.28380751110143,65.0,53,2025-06-10
2025-06-14,OATS,49.380417127704334,40.89464819737627,57.8661860580324,48.0,46,2025-06-10
2025-06-15,OATS,49.8915809899518,41.405812059623734,58.37734992027986,45.0,52,2025-06-10
2025-06-16,OATS,63.674668067006635,55.18889913667857,72.1604369973347,54.0,53,2025-06-10
2025-06-17,OATS,71.64425835779512,63.15848942746706,80.13002728812319,72.0,60,2025-06-10
2025-06-18,OATS,73.27597926186934,64.79021033154127,81.7617481921974,68.0,68,2025-06-10
2025-06-19,OATS,65.64748569637683,57.16171676604877,74.1332546267049,60.0,64,2025-06-10
2025-06-20,OATS,61.085515160326736,52.59974622999867,69.5712840906548,65.0,53,2025-06-10
2025-06-21,OATS,49.521267894703904,41.03549896437584,58.00703682503197,48.0,42,2025-06-10
2025-06-22,OATS,49.90438669102366,41.4186177606956,58.390155621351724,45.0,51,2025-06-10
2025-06-23,OATS,63.815518834006205,55.32974990367814,72.30128776433426,54.0,53,2025-06-10
2025-06-10,RICE,57.90169992407904,49.415930993750976,66.3874688544071,53.0,59,2025-06-10
2025-06-11,RICE,60.38727839769995,51.90150946737189,68.87304732802801,59.0,59,2025-06-10
2025-06-12,RICE,57.55582806473624,49.070059134408176,66.04159699506431,58.0,52,2025-06-10
2025-06-13,RICE,46.7182126525596,38.23244372223154,55.203981582887664,50.0,43,2025-06-10
2025-06-14,RICE,39.425845925489625,30.94007699516156,47.91161485581769,33.0,40,2025-06-10
2025-06-15,RICE,39.91052423976647,31.424755309438403,48.39629317009453,40.0,40,2025-06-10
2025-06-16,RICE,52.52854689586931,44.04277796554125,61.014315826197375,55.0,48,2025-06-10
2025-06-17,RICE,58.11781208412284,49.632043153794775,66.6035810144509,53.0,57,2025-06-10
2025-06-18,RICE,60.648660284717096,52.16289135438903,69.13442921504516,59.0,55,2025-06-10
2025-06-19,RICE,57.817209951753384,49.33144102142532,66.30297888208145,58.0,55,2025-06-10
2025-06-20,RICE,46.979594539576745,38.49382560924868,55.46536346990481,50.0,56,2025-06-10
2025-06-21,RICE,39.517223493948144,31.03145456362008,48.00299242427621,33.0,31,2025-06-10
2025-06-22,RICE,40.001901808224986,31.516132877896922,48.48767073855305,40.0,42,2025-06-10
2025-06-23,RICE,52.61992446432783,44.13415553399977,61.105693394655894,55.0,45,2025-06-10
2025-06-10,SOAP,74.20460244008738,65.71883350975932,82.69037137041545,77.0,65,2025-06-10
2025-06-11,SOAP,76.44481200274109,67.95904307241302,84.93058093306915,84.0,75,2025-06-10
2025-06-12,SOAP,70.81872551328736,62.3329565829593,79.30449444361543,69.0,77,2025-06-10
2025-06-13,SOAP,62.25875001477682,53.77298108444876,70.74451894510489,65.0,49,2025-06-10
2025-06-14,SOAP,54.01075863361351,45.52498970328545,62.49652756394158,50.0,46,2025-06-10
2025-06-15,SOAP,52.75044621237439,44.26467728204633,61.236215142702456,48.0,50,2025-06-10
2025-06-16,SOAP,64.1194667868339,55.63369785650583,72.60523571716196,66.0,64,2025-06-10
2025-06-17,SOAP,74.25071028157255,65.76494135124449,82.73647921190062,77.0,72,2025-06-10
2025-06-18,SOAP,77.55113683009742,69.06536789976936,86.03690576042548,84.0,84,2025-06-10
2025-06-19,SOAP,71.42794195619739,62.94217302586932,79.91371088652545,69.0,75,2025-06-10
2025-06-20,SOAP,63.17612731449078,54.690358384162714,71.66189624481885,65.0,62,2025-06-10
2025-06-21,SOAP,55.1752473058912,46.689478375563134,63.66101623621926,50.0,53,2025-06-10
2025-06-22,SOAP,53.78688981872437,45.301120888396305,62.27265874905243,48.0,57,2025-06-10
2025-06-23,SOAP,65.30873400704988,56.822965076721815,73.79450293737794,66.0,60,2025-06-10
2025-06-10,TEA,48.734392287223606,40.24862335689554,57.22016121755167,50.0,44,2025-06-10
2025-06-11,TEA,51.66738258902803,43.181613658699966,60.15315151935609,50.0,51,2025-06-10
2025-06-12,TEA,47.099979016573634,38.61421008624557,55.5857479469017,50.0,50,2025-06-10
2025-06-13,TEA,36.975834807773836,28.490065877445772,45.4616037381019,36.0,37,2025-06-10
2025-06-14,TEA,33.38464425009736,24.898875319769296,41.87041318042542,36.0,31,2025-06-10
2025-06-15,TEA,34.790163815490736,26.304394885162672,43.2759327458188,32.0,30,2025-06-10
2025-06-16,TEA,42.12315205365995,33.63738312333189,50.608920983988014,41.0,40,2025-06-10
2025-06-17,TEA,48.78050012870878,40.29473119838072,57.266269059036844,50.0,42,2025-06-10
2025-06-18,TEA,51.710923713424116,43.22515478309605,60.19669264375218,50.0,46,2025-06-10
2025-06-19,TEA,47.14352014096972,38.657751210641656,55.629289071297784,50.0,45,2025-06-10
2025-06-20,TEA,37.01937593216992,28.533607001841858,45.505144862497986,36.0,41,2025-06-10
2025-06-21,TEA,33.428185374493445,24.94241644416538,41.91395430482151,36.0,42,2025-06-10
2025-06-22,TEA,34.83370493988682,26.347936009558758,43.319473870214885,32.0,31,2025-06-10
2025-06-23,TEA,42.02444652597858,33.53867759565052,50.510215456306646,41.0,45,2025-06-10
