date,sku,prediction,lower,upper,seasonal
2011-12-10,20725,0.0,0.0,274.24133919299777,0.0
2011-12-11,20725,0.0,0.0,274.24133919299777,10.0
2011-12-12,20725,8.212969682859104,0.0,282.4543088758569,50.0
2011-12-13,20725,14.854800664503612,0.0,289.0961398575014,85.0
2011-12-14,20725,121.78533855387694,0.0,396.0266777468747,35.0
2011-12-15,20725,155.1874915078654,0.0,429.42883070086316,52.0
2011-12-16,20725,0.0,0.0,274.24133919299777,42.0
2011-12-17,20725,0.0,0.0,274.24133919299777,0.0
2011-12-18,20725,0.0,0.0,274.24133919299777,10.0
2011-12-19,20725,8.429168257935308,0.0,282.6705074509331,50.0
2011-12-20,20725,14.854800664503612,0.0,289.0961398575014,85.0
2011-12-21,20725,121.78533855387694,0.0,396.0266777468747,35.0
2011-12-22,20725,155.1874915078654,0.0,429.42883070086316,52.0
2011-12-23,20725,0.0,0.0,274.24133919299777,42.0
2011-12-10,20728,0.0,0.0,274.24133919299777,0.0
2011-12-11,20728,0.0,0.0,274.24133919299777,7.0
2011-12-12,20728,0.0,0.0,274.24133919299777,11.0
2011-12-13,20728,0.0,0.0,274.24133919299777,25.0
2011-12-14,20728,0.0,0.0,274.24133919299777,28.0
2011-12-15,20728,0.0,0.0,274.24133919299777,17.0
2011-12-16,20728,0.0,0.0,274.24133919299777,5.0
2011-12-17,20728,0.0,0.0,274.24133919299777,0.0
2011-12-18,20728,0.0,0.0,274.24133919299777,7.0
2011-12-19,20728,0.0,0.0,274.24133919299777,11.0
2011-12-20,20728,0.0,0.0,274.24133919299777,25.0
2011-12-21,20728,0.0,0.0,274.24133919299777,28.0
2011-12-22,20728,0.0,0.0,274.24133919299777,17.0
2011-12-23,20728,0.0,0.0,274.24133919299777,5.0
2011-12-10,21212,0.0,0.0,274.24133919299777,0.0
2011-12-11,21212,4.298305206992586,0.0,278.5396443999904,48.0
2011-12-12,21212,47.40914078228838,0.0,321.65047997528615,42.0
2011-12-13,21212,44.79898211437548,0.0,319.04032130737323,90.0
2011-12-14,21212,138.05755318630864,0.0,412.2988923793064,74.0
2011-12-15,21212,179.82769371845447,0.0,454.06903291145227,51.0
2011-12-16,21212,0.0,0.0,274.24133919299777,9.0
2011-12-17,21212,0.0,0.0,274.24133919299777,0.0
2011-12-18,21212,4.514503782068788,0.0,278.75584297506657,48.0
2011-12-19,21212,37.17774997135435,0.0,311.4190891643521,42.0
2011-12-20,21212,44.79898211437548,0.0,319.04032130737323,90.0
2011-12-21,21212,138.05755318630864,0.0,412.2988923793064,74.0
2011-12-22,21212,179.82769371845447,0.0,454.06903291145227,51.0
2011-12-23,21212,0.0,0.0,274.24133919299777,9.0
2011-12-10,22197,0.0,0.0,274.24133919299777,0.0
2011-12-11,22197,260.24067463894744,0.0,534.4820138319452,113.0
2011-12-12,22197,516.9240996064835,242.68276041348577,791.1654387994813,410.0
2011-12-13,22197,444.4726976109427,170.23135841794493,718.7140368039404,337.0
2011-12-14,22197,424.12641400713744,149.88507481413967,698.3677532001352,368.0
2011-12-15,22197,424.4184972064286,150.1771580134308,698.6598363994264,3111.0
2011-12-16,22197,535.4883593030272,261.24702011002944,809.729698496025,230.0
2011-12-17,22197,0.0,0.0,274.24133919299777,0.0
2011-12-18,22197,308.2333562065578,33.99201701356003,582.4746953995556,113.0
2011-12-19,22197,533.9105138141308,259.66917462113304,808.1518530071286,410.0
2011-12-20,22197,472.57019480693504,198.32885561393726,746.8115339999329,337.0
2011-12-21,22197,444.416361748224,170.17502255522623,718.6577009412217,368.0
2011-12-22,22197,426.45896970406153,152.21763051106376,700.7003088970594,3111.0
2011-12-23,22197,555.8060071374042,281.56466794440644,830.047346330402,230.0
2011-12-10,22423,0.0,0.0,274.24133919299777,0.0
2011-12-11,22423,0.0,0.0,274.24133919299777,20.0
2011-12-12,22423,0.0,0.0,274.24133919299777,36.0
2011-12-13,22423,0.0,0.0,274.24133919299777,160.0
2011-12-14,22423,0.0,0.0,274.24133919299777,130.0
2011-12-15,22423,0.0,0.0,274.24133919299777,32.0
2011-12-16,22423,0.0,0.0,274.24133919299777,18.0
2011-12-17,22423,0.0,0.0,274.24133919299777,0.0
2011-12-18,22423,0.0,0.0,274.24133919299777,20.0
2011-12-19,22423,0.0,0.0,274.24133919299777,36.0
2011-12-20,22423,13.502860821633472,0.0,287.74420001463125,160.0
2011-12-21,22423,0.0,0.0,274.24133919299777,130.0
2011-12-22,22423,0.0,0.0,274.24133919299777,32.0
2011-12-23,22423,0.0,0.0,274.24133919299777,18.0
2011-12-10,22457,0.0,0.0,274.24133919299777,0.0
2011-12-11,22457,0.0,0.0,274.24133919299777,36.0
2011-12-12,22457,0.0,0.0,274.24133919299777,59.0
2011-12-13,22457,0.0,0.0,274.24133919299777,13.0
2011-12-14,22457,28.197810335054907,0.0,302.43914952805267,660.0
2011-12-15,22457,42.54422007203698,0.0,316.78555926503475,41.0
2011-12-16,22457,0.0,0.0,274.24133919299777,9.0
2011-12-17,22457,0.0,0.0,274.24133919299777,0.0
2011-12-18,22457,0.0,0.0,274.24133919299777,36.0
2011-12-19,22457,0.0,0.0,274.24133919299777,59.0
2011-12-20,22457,0.0,0.0,274.24133919299777,13.0
2011-12-21,22457,0.0,0.0,274.24133919299777,660.0
2011-12-22,22457,42.54422007203698,0.0,316.78555926503475,41.0
2011-12-23,22457,0.0,0.0,274.24133919299777,9.0
2011-12-10,22666,0.0,0.0,274.24133919299777,0.0
2011-12-11,22666,0.0,0.0,274.24133919299777,8.0
2011-12-12,22666,0.0,0.0,274.24133919299777,61.0
2011-12-13,22666,0.0,0.0,274.24133919299777,257.0
2011-12-14,22666,0.0,0.0,274.24133919299777,21.0
2011-12-15,22666,31.777663964131914,0.0,306.0190031571297,57.0
2011-12-16,22666,0.0,0.0,274.24133919299777,40.0
2011-12-17,22666,0.0,0.0,274.24133919299777,0.0
2011-12-18,22666,0.0,0.0,274.24133919299777,8.0
2011-12-19,22666,0.0,0.0,274.24133919299777,61.0
2011-12-20,22666,0.0,0.0,274.24133919299777,257.0
2011-12-21,22666,0.0,0.0,274.24133919299777,21.0
2011-12-22,22666,31.777663964131914,0.0,306.0190031571297,57.0
2011-12-23,22666,0.0,0.0,274.24133919299777,40.0
2011-12-10,22960,0.0,0.0,274.24133919299777,0.0
2011-12-11,22960,0.0,0.0,274.24133919299777,3.0
2011-12-12,22960,0.0,0.0,274.24133919299777,30.0
2011-12-13,22960,0.0,0.0,274.24133919299777,80.0
2011-12-14,22960,0.0,0.0,274.24133919299777,60.0
2011-12-15,22960,0.0,0.0,274.24133919299777,44.0
2011-12-16,22960,0.0,0.0,274.24133919299777,7.0
2011-12-17,22960,0.0,0.0,274.24133919299777,0.0
2011-12-18,22960,0.0,0.0,274.24133919299777,3.0
2011-12-19,22960,0.0,0.0,274.24133919299777,30.0
2011-12-20,22960,0.0,0.0,274.24133919299777,80.0
2011-12-21,22960,0.0,0.0,274.24133919299777,60.0
2011-12-22,22960,0.0,0.0,274.24133919299777,44.0
2011-12-23,22960,0.0,0.0,274.24133919299777,7.0
2011-12-10,47566,0.0,0.0,274.24133919299777,0.0
2011-12-11,47566,0.0,0.0,274.24133919299777,19.0
2011-12-12,47566,0.0,0.0,274.24133919299777,16.0
2011-12-13,47566,0.0,0.0,274.24133919299777,21.0
2011-12-14,47566,0.0,0.0,274.24133919299777,3.0
2011-12-15,47566,9.624253035980159,0.0,283.8655922289779,22.0
2011-12-16,47566,0.0,0.0,274.24133919299777,7.0
2011-12-17,47566,0.0,0.0,274.24133919299777,0.0
2011-12-18,47566,0.0,0.0,274.24133919299777,19.0
2011-12-19,47566,0.0,0.0,274.24133919299777,16.0
2011-12-20,47566,0.0,0.0,274.24133919299777,21.0
2011-12-21,47566,0.0,0.0,274.24133919299777,3.0
2011-12-22,47566,9.624253035980159,0.0,283.8655922289779,22.0
2011-12-23,47566,0.0,0.0,274.24133919299777,7.0
2011-12-10,84879,0.0,0.0,274.24133919299777,0.0
2011-12-11,84879,112.42949357800082,0.0,386.6708327709986,66.0
2011-12-12,84879,317.1717206939787,42.93038150098096,591.4130598869765,133.0
2011-12-13,84879,323.97945843507006,49.73811924207229,598.2207976280679,240.0
2011-12-14,84879,417.5894986260452,143.34815943304744,691.8308378190429,256.0
2011-12-15,84879,269.4758651655382,0.0,543.717204358536,11.0
2011-12-16,84879,144.57056883061313,0.0,418.8119080236109,32.0
2011-12-17,84879,0.0,0.0,274.24133919299777,0.0
2011-12-18,84879,108.66459202645854,0.0,382.9059312194563,66.0
2011-12-19,84879,313.40681914243646,39.16547994943869,587.6481583354342,133.0
2011-12-20,84879,327.4182507098786,53.17691151688081,601.6595899028764,240.0
2011-12-21,84879,421.02829090085373,146.78695170785596,695.2696300938514,256.0
2011-12-22,84879,269.4758651655382,0.0,543.717204358536,11.0
2011-12-23,84879,158.68990405461102,0.0,432.9312432476088,32.0
2011-12-10,85099B,21.54032364583953,0.0,295.7816628388373,0.0
2011-12-11,85099B,47.948252630975354,0.0,322.1895918239731,12.0
2011-12-12,85099B,280.87521939084957,6.633880197851795,555.1165585838473,66.0
2011-12-13,85099B,319.77739157484575,45.53605238184798,594.0187307678435,175.0
2011-12-14,85099B,403.91884455820195,129.67750536520418,678.1601837511997,89.0
2011-12-15,85099B,432.1594638892876,157.91812469628985,706.4008030822854,106.0
2011-12-16,85099B,113.61713742565342,0.0,387.8584766186512,15.0
2011-12-17,85099B,0.0,0.0,274.24133919299777,0.0
2011-12-18,85099B,31.950451997692603,0.0,306.19179119069037,12.0
2011-12-19,85099B,277.1103178393073,2.868978646309529,551.3516570323051,66.0
2011-12-20,85099B,344.4615312811152,70.22019208811741,618.702870474113,175.0
2011-12-21,85099B,403.91884455820195,129.67750536520418,678.1601837511997,89.0
2011-12-22,85099B,432.1594638892876,157.91812469628985,706.4008030822854,106.0
2011-12-23,85099B,168.69756199425447,0.0,442.9389011872522,15.0
2011-12-10,85123A,16.559813380056287,0.0,290.8011525730541,0.0
2011-12-11,85123A,46.82395981784438,0.0,321.0652990108422,8.0
2011-12-12,85123A,249.87392005379363,0.0,524.1152592467914,298.0
2011-12-13,85123A,231.1860509153752,0.0,505.42739010837295,39.0
2011-12-14,85123A,340.4081825308859,66.16684333788811,614.6495217238837,200.0
2011-12-15,85123A,480.97720216887615,206.73586297587838,755.2185413618739,108.0
2011-12-16,85123A,88.28375950994273,0.0,362.5250987029405,4.0
2011-12-17,85123A,12.443692743090764,0.0,286.68503193608854,0.0
2011-12-18,85123A,32.88943820496611,0.0,307.13077739796387,8.0
2011-12-19,85123A,238.3990953466751,0.0,512.6404345396729,298.0
2011-12-20,85123A,231.1860509153752,0.0,505.42739010837295,39.0
2011-12-21,85123A,368.96283774981777,94.72149855682,643.2041769428156,200.0
2011-12-22,85123A,480.97720216887615,206.73586297587838,755.2185413618739,108.0
2011-12-23,85123A,141.13493317291133,0.0,415.37627236590913,4.0
