date,sku,units
2024-01-01,COFFEE,19
2024-01-02,COFFEE,21
2024-01-03,COFFEE,28
2024-01-04,COFFEE,25
2024-01-05,COFFEE,9
2024-01-06,COFFEE,7
2024-01-07,COFFEE,13
2024-01-08,COFFEE,18
2024-01-09,COFFEE,25
2024-01-10,COFFEE,24
2024-01-11,COFFEE,25
2024-01-12,COFFEE,18
2024-01-13,COFFEE,12
2024-01-14,COFFEE,17
2024-01-15,COFFEE,21
2024-01-16,COFFEE,23
2024-01-17,COFFEE,29
2024-01-18,COFFEE,20
2024-01-19,COFFEE,19
2024-01-20,COFFEE,12
2024-01-21,COFFEE,13
2024-01-22,COFFEE,18
2024-01-23,COFFEE,30
2024-01-24,COFFEE,28
2024-01-25,COFFEE,23
2024-01-26,COFFEE,16
2024-01-27,COFFEE,15
2024-01-28,COFFEE,16
2024-01-29,COFFEE,22
2024-01-30,COFFEE,29
2024-01-31,COFFEE,35
2024-02-01,COFFEE,24
2024-02-02,COFFEE,16
2024-02-03,COFFEE,11
2024-02-04,COFFEE,17
2024-02-05,COFFEE,25
2024-02-06,COFFEE,28
2024-02-07,COFFEE,27
2024-02-08,COFFEE,23
2024-02-09,COFFEE,21
2024-02-10,COFFEE,17
2024-02-11,COFFEE,18
2024-02-12,COFFEE,20
2024-02-13,COFFEE,29
2024-02-14,COFFEE,31
2024-02-15,COFFEE,27
2024-02-16,COFFEE,22
2024-02-17,COFFEE,16
2024-02-18,COFFEE,19
2024-02-19,COFFEE,23
2024-02-20,COFFEE,30
2024-02-21,COFFEE,33
2024-02-22,COFFEE,22
2024-02-23,COFFEE,19
2024-02-24,COFFEE,14
2024-02-25,COFFEE,15
2024-02-26,COFFEE,23
2024-02-27,COFFEE,34
2024-02-28,COFFEE,29
2024-02-29,COFFEE,30
2024-03-01,COFFEE,15
2024-03-02,COFFEE,15
2024-03-03,COFFEE,18
2024-03-04,COFFEE,26
2024-03-05,COFFEE,32
2024-03-06,COFFEE,34
2024-03-07,COFFEE,27
2024-03-08,COFFEE,19
2024-03-09,COFFEE,19
2024-03-10,COFFEE,18
2024-03-11,COFFEE,21
2024-03-12,COFFEE,27
2024-03-13,COFFEE,30
2024-03-14,COFFEE,30
2024-03-15,COFFEE,22
2024-03-16,COFFEE,19
2024-03-17,COFFEE,17
2024-03-18,COFFEE,25
2024-03-19,COFFEE,33
2024-03-20,COFFEE,32
2024-03-21,COFFEE,30
2024-03-22,COFFEE,19
2024-03-23,COFFEE,16
2024-03-24,COFFEE,18
2024-03-25,COFFEE,21
2024-03-26,COFFEE,33
2024-03-27,COFFEE,32
2024-03-28,COFFEE,29
2024-03-29,COFFEE,23
2024-03-30,COFFEE,19
2024-03-31,COFFEE,21
2024-04-01,COFFEE,25
2024-04-02,COFFEE,30
2024-04-03,COFFEE,33
2024-04-04,COFFEE,24
2024-04-05,COFFEE,18
2024-04-06,COFFEE,14
2024-04-07,COFFEE,16
2024-04-08,COFFEE,27
2024-04-09,COFFEE,29
2024-04-10,COFFEE,32
2024-04-11,COFFEE,33
2024-04-12,COFFEE,21
2024-04-13,COFFEE,20
2024-04-14,COFFEE,16
2024-04-15,COFFEE,25
2024-04-16,COFFEE,29
2024-04-17,COFFEE,32
2024-04-18,COFFEE,31
2024-04-19,COFFEE,17
2024-04-20,COFFEE,19
2024-04-21,COFFEE,20
2024-04-22,COFFEE,24
2024-04-23,COFFEE,27
2024-04-24,COFFEE,33
2024-04-25,COFFEE,27
2024-04-26,COFFEE,23
2024-04-27,COFFEE,18
2024-04-28,COFFEE,24
2024-04-29,COFFEE,25
2024-04-30,COFFEE,29
2024-05-01,COFFEE,34
2024-05-02,COFFEE,29
2024-05-03,COFFEE,26
2024-05-04,COFFEE,20
2024-05-05,COFFEE,20
2024-05-06,COFFEE,30
2024-05-07,COFFEE,28
2024-05-08,COFFEE,31
2024-05-09,COFFEE,26
2024-05-10,COFFEE,21
2024-05-11,COFFEE,13
2024-05-12,COFFEE,21
2024-05-13,COFFEE,24
2024-05-14,COFFEE,27
2024-05-15,COFFEE,30
2024-05-16,COFFEE,29
2024-05-17,COFFEE,24
2024-05-18,COFFEE,23
2024-05-19,COFFEE,27
2024-05-20,COFFEE,26
2024-05-21,COFFEE,28
2024-05-22,COFFEE,26
2024-05-23,COFFEE,29
2024-05-24,COFFEE,19
2024-05-25,COFFEE,16
2024-05-26,COFFEE,16
2024-05-27,COFFEE,24
2024-05-28,COFFEE,34
2024-05-29,COFFEE,33
2024-05-30,COFFEE,27
2024-05-31,COFFEE,18
2024-06-01,COFFEE,11
2024-06-02,COFFEE,17
2024-06-03,COFFEE,24
2024-06-04,COFFEE,36
2024-06-05,COFFEE,32
2024-06-06,COFFEE,30
2024-06-07,COFFEE,19
2024-06-08,COFFEE,13
2024-06-09,COFFEE,15
2024-06-10,COFFEE,22
2024-06-11,COFFEE,36
2024-06-12,COFFEE,29
2024-06-13,COFFEE,30
2024-06-14,COFFEE,17
2024-06-15,COFFEE,19
2024-06-16,COFFEE,18
2024-06-17,COFFEE,23
2024-06-18,COFFEE,30
2024-06-19,COFFEE,29
2024-06-20,COFFEE,28
2024-06-21,COFFEE,18
2024-06-22,COFFEE,12
2024-06-23,COFFEE,13
2024-06-24,COFFEE,24
2024-06-25,COFFEE,34
2024-06-26,COFFEE,31
2024-06-27,COFFEE,26
2024-06-28,COFFEE,20
2024-06-29,COFFEE,19
2024-06-30,COFFEE,17
2024-07-01,COFFEE,21
2024-07-02,COFFEE,32
2024-07-03,COFFEE,32
2024-07-04,COFFEE,30
2024-07-05,COFFEE,19
2024-07-06,COFFEE,11
2024-07-07,COFFEE,12
2024-07-08,COFFEE,27
2024-07-09,COFFEE,34
2024-07-10,COFFEE,29
2024-07-11,COFFEE,24
2024-07-12,COFFEE,23
2024-07-13,COFFEE,11
2024-07-14,COFFEE,13
2024-07-15,COFFEE,24
2024-07-16,COFFEE,27
2024-07-17,COFFEE,29
2024-07-18,COFFEE,25
2024-07-19,COFFEE,19
2024-07-20,COFFEE,18
2024-07-21,COFFEE,15
2024-07-22,COFFEE,23
2024-07-23,COFFEE,21
2024-07-24,COFFEE,29
2024-07-25,COFFEE,22
2024-07-26,COFFEE,14
2024-07-27,COFFEE,11
2024-07-28,COFFEE,14
2024-07-29,COFFEE,24
2024-07-30,COFFEE,23
2024-07-31,COFFEE,29
2024-08-01,COFFEE,23
2024-08-02,COFFEE,16
2024-08-03,COFFEE,16
2024-08-04,COFFEE,16
2024-08-05,COFFEE,25
2024-08-06,COFFEE,26
2024-08-07,COFFEE,26
2024-08-08,COFFEE,23
2024-08-09,COFFEE,18
2024-08-10,COFFEE,13
2024-08-11,COFFEE,11
2024-08-12,COFFEE,21
2024-08-13,COFFEE,27
2024-08-14,COFFEE,36
2024-08-15,COFFEE,29
2024-08-16,COFFEE,14
2024-08-17,COFFEE,11
2024-08-18,COFFEE,9
2024-08-19,COFFEE,18
2024-08-20,COFFEE,27
2024-08-21,COFFEE,31
2024-08-22,COFFEE,21
2024-08-23,COFFEE,15
2024-08-24,COFFEE,6
2024-08-25,COFFEE,13
2024-08-26,COFFEE,17
2024-08-27,COFFEE,25
2024-08-28,COFFEE,25
2024-08-29,COFFEE,23
2024-08-30,COFFEE,11
2024-08-31,COFFEE,8
2024-09-01,COFFEE,20
2024-09-02,COFFEE,16
2024-09-03,COFFEE,23
2024-09-04,COFFEE,33
2024-09-05,COFFEE,32
2024-09-06,COFFEE,13
2024-09-07,COFFEE,11
2024-09-08,COFFEE,14
2024-09-09,COFFEE,25
2024-09-10,COFFEE,23
2024-09-11,COFFEE,27
2024-09-12,COFFEE,25
2024-09-13,COFFEE,17
2024-09-14,COFFEE,11
2024-09-15,COFFEE,13
2024-09-16,COFFEE,16
2024-09-17,COFFEE,25
2024-09-18,COFFEE,27
2024-09-19,COFFEE,24
2024-09-20,COFFEE,15
2024-09-21,COFFEE,13
2024-09-22,COFFEE,16
2024-09-23,COFFEE,20
2024-09-24,COFFEE,27
2024-09-25,COFFEE,28
2024-09-26,COFFEE,23
2024-09-27,COFFEE,14
2024-09-28,COFFEE,13
2024-09-29,COFFEE,13
2024-09-30,COFFEE,26
2024-10-01,COFFEE,31
2024-10-02,COFFEE,29
2024-10-03,COFFEE,21
2024-10-04,COFFEE,13
2024-10-05,COFFEE,16
2024-10-06,COFFEE,15
2024-10-07,COFFEE,21
2024-10-08,COFFEE,21
2024-10-09,COFFEE,31
2024-10-10,COFFEE,25
2024-10-11,COFFEE,13
2024-10-12,COFFEE,11
2024-10-13,COFFEE,15
2024-10-14,COFFEE,20
2024-10-15,COFFEE,26
2024-10-16,COFFEE,28
2024-10-17,COFFEE,23
2024-10-18,COFFEE,17
2024-10-19,COFFEE,17
2024-10-20,COFFEE,7
2024-10-21,COFFEE,20
2024-10-22,COFFEE,27
2024-10-23,COFFEE,29
2024-10-24,COFFEE,23
2024-10-25,COFFEE,12
2024-10-26,COFFEE,14
2024-10-27,COFFEE,20
2024-10-28,COFFEE,16
2024-10-29,COFFEE,30
2024-10-30,COFFEE,28
2024-10-31,COFFEE,25
2024-11-01,COFFEE,15
2024-11-02,COFFEE,13
2024-11-03,COFFEE,19
2024-11-04,COFFEE,23
2024-11-05,COFFEE,33
2024-11-06,COFFEE,33
2024-11-07,COFFEE,27
2024-11-08,COFFEE,24
2024-11-09,COFFEE,15
2024-11-10,COFFEE,18
2024-11-11,COFFEE,21
2024-11-12,COFFEE,29
2024-11-13,COFFEE,28
2024-11-14,COFFEE,29
2024-11-15,COFFEE,15
2024-11-16,COFFEE,17
2024-11-17,COFFEE,16
2024-11-18,COFFEE,26
2024-11-19,COFFEE,31
2024-11-20,COFFEE,36
2024-11-21,COFFEE,29
2024-11-22,COFFEE,15
2024-11-23,COFFEE,15
2024-11-24,COFFEE,13
2024-11-25,COFFEE,22
2024-11-26,COFFEE,34
2024-11-27,COFFEE,33
2024-11-28,COFFEE,25
2024-11-29,COFFEE,17
2024-11-30,COFFEE,16
2024-12-01,COFFEE,14
2024-12-02,COFFEE,22
2024-12-03,COFFEE,31
2024-12-04,COFFEE,35
2024-12-05,COFFEE,30
2024-12-06,COFFEE,14
2024-12-07,COFFEE,18
2024-12-08,COFFEE,19
2024-12-09,COFFEE,26
2024-12-10,COFFEE,36
2024-12-11,COFFEE,27
2024-12-12,COFFEE,27
2024-12-13,COFFEE,23
2024-12-14,COFFEE,13
2024-12-15,COFFEE,24
2024-12-16,COFFEE,27
2024-12-17,COFFEE,34
2024-12-18,COFFEE,32
2024-12-19,COFFEE,32
2024-12-20,COFFEE,26
2024-12-21,COFFEE,19
2024-12-22,COFFEE,21
2024-12-23,COFFEE,27
2024-12-24,COFFEE,30
2024-12-25,COFFEE,34
2024-12-26,COFFEE,30
2024-12-27,COFFEE,24
2024-12-28,COFFEE,22
2024-12-29,COFFEE,17
2024-12-30,COFFEE,27
2024-12-31,COFFEE,38
2025-01-01,COFFEE,33
2025-01-02,COFFEE,28
2025-01-03,COFFEE,25
2025-01-04,COFFEE,22
2025-01-05,COFFEE,21
2025-01-06,COFFEE,32
2025-01-07,COFFEE,37
2025-01-08,COFFEE,38
2025-01-09,COFFEE,33
2025-01-10,COFFEE,32
2025-01-11,COFFEE,20
2025-01-12,COFFEE,16
2025-01-13,COFFEE,33
2025-01-14,COFFEE,34
2025-01-15,COFFEE,37
2025-01-16,COFFEE,36
2025-01-17,COFFEE,21
2025-01-18,COFFEE,18
2025-01-19,COFFEE,18
2025-01-20,COFFEE,27
2025-01-21,COFFEE,37
2025-01-22,COFFEE,39
2025-01-23,COFFEE,34
2025-01-24,COFFEE,22
2025-01-25,COFFEE,15
2025-01-26,COFFEE,24
2025-01-27,COFFEE,29
2025-01-28,COFFEE,38
2025-01-29,COFFEE,40
2025-01-30,COFFEE,34
2025-01-31,COFFEE,29
2025-02-01,COFFEE,23
2025-02-02,COFFEE,26
2025-02-03,COFFEE,29
2025-02-04,COFFEE,37
2025-02-05,COFFEE,39
2025-02-06,COFFEE,37
2025-02-07,COFFEE,26
2025-02-08,COFFEE,25
2025-02-09,COFFEE,24
2025-02-10,COFFEE,31
2025-02-11,COFFEE,40
2025-02-12,COFFEE,33
2025-02-13,COFFEE,31
2025-02-14,COFFEE,24
2025-02-15,COFFEE,17
2025-02-16,COFFEE,24
2025-02-17,COFFEE,34
2025-02-18,COFFEE,37
2025-02-19,COFFEE,41
2025-02-20,COFFEE,39
2025-02-21,COFFEE,33
2025-02-22,COFFEE,24
2025-02-23,COFFEE,30
2025-02-24,COFFEE,33
2025-02-25,COFFEE,36
2025-02-26,COFFEE,39
2025-02-27,COFFEE,32
2025-02-28,COFFEE,27
2025-03-01,COFFEE,24
2025-03-02,COFFEE,29
2025-03-03,COFFEE,38
2025-03-04,COFFEE,35
2025-03-05,COFFEE,42
2025-03-06,COFFEE,34
2025-03-07,COFFEE,31
2025-03-08,COFFEE,25
2025-03-09,COFFEE,22
2025-03-10,COFFEE,36
2025-03-11,COFFEE,38
2025-03-12,COFFEE,40
2025-03-13,COFFEE,34
2025-03-14,COFFEE,28
2025-03-15,COFFEE,27
2025-03-16,COFFEE,27
2025-03-17,COFFEE,35
2025-03-18,COFFEE,41
2025-03-19,COFFEE,46
2025-03-20,COFFEE,36
2025-03-21,COFFEE,26
2025-03-22,COFFEE,29
2025-03-23,COFFEE,27
2025-03-24,COFFEE,37
2025-03-25,COFFEE,42
2025-03-26,COFFEE,42
2025-03-27,COFFEE,39
2025-03-28,COFFEE,37
2025-03-29,COFFEE,33
2025-03-30,COFFEE,28
2025-03-31,COFFEE,35
2025-04-01,COFFEE,44
2025-04-02,COFFEE,40
2025-04-03,COFFEE,39
2025-04-04,COFFEE,31
2025-04-05,COFFEE,28
2025-04-06,COFFEE,26
2025-04-07,COFFEE,30
2025-04-08,COFFEE,35
2025-04-09,COFFEE,39
2025-04-10,COFFEE,37
2025-04-11,COFFEE,30
2025-04-12,COFFEE,33
2025-04-13,COFFEE,32
2025-04-14,COFFEE,32
2025-04-15,COFFEE,42
2025-04-16,COFFEE,41
2025-04-17,COFFEE,37
2025-04-18,COFFEE,32
2025-04-19,COFFEE,29
2025-04-20,COFFEE,27
2025-04-21,COFFEE,38
2025-04-22,COFFEE,37
2025-04-23,COFFEE,42
2025-04-24,COFFEE,46
2025-04-25,COFFEE,32
2025-04-26,COFFEE,31
2025-04-27,COFFEE,29
2025-04-28,COFFEE,36
2025-04-29,COFFEE,41
2025-04-30,COFFEE,42
2025-05-01,COFFEE,36
2025-05-02,COFFEE,32
2025-05-03,COFFEE,24
2025-05-04,COFFEE,30
2025-05-05,COFFEE,38
2025-05-06,COFFEE,42
2025-05-07,COFFEE,41
2025-05-08,COFFEE,39
2025-05-09,COFFEE,30
2025-05-10,COFFEE,29
2025-05-11,COFFEE,23
2025-05-12,COFFEE,33
2025-05-13,COFFEE,34
2025-05-14,COFFEE,37
2025-05-15,COFFEE,42
2025-05-16,COFFEE,33
2025-05-17,COFFEE,24
2025-05-18,COFFEE,23
2025-05-19,COFFEE,25
2025-05-20,COFFEE,39
2025-05-21,COFFEE,49
2025-05-22,COFFEE,39
2025-05-23,COFFEE,29
2025-05-24,COFFEE,27
2025-05-25,COFFEE,23
2025-05-26,COFFEE,33
2025-05-27,COFFEE,40
2025-05-28,COFFEE,41
2025-05-29,COFFEE,39
2025-05-30,COFFEE,31
2025-05-31,COFFEE,28
2025-06-01,COFFEE,25
2025-06-02,COFFEE,36
2025-06-03,COFFEE,44
2025-06-04,COFFEE,38
2025-06-05,COFFEE,34
2025-06-06,COFFEE,34
2025-06-07,COFFEE,25
2025-06-08,COFFEE,31
2025-06-09,COFFEE,32
2025-06-10,COFFEE,44
2025-06-11,COFFEE,41
2025-06-12,COFFEE,37
2025-06-13,COFFEE,34
2025-06-14,COFFEE,24
2025-06-15,COFFEE,24
2025-06-16,COFFEE,31
2025-06-17,COFFEE,40
2025-06-18,COFFEE,36
2025-06-19,COFFEE,38
2025-06-20,COFFEE,27
2025-06-21,COFFEE,28
2025-06-22,COFFEE,19
2025-06-23,COFFEE,30
2024-01-01,MILK,63
2024-01-02,MILK,62
2024-01-03,MILK,76
2024-01-04,MILK,71
2024-01-05,MILK,54
2024-01-06,MILK,45
2024-01-07,MILK,51
2024-01-08,MILK,42
2024-01-09,MILK,71
2024-01-10,MILK,71
2024-01-11,MILK,64
2024-01-12,MILK,58
2024-01-13,MILK,46
2024-01-14,MILK,42
2024-01-15,MILK,59
2024-01-16,MILK,70
2024-01-17,MILK,73
2024-01-18,MILK,66
2024-01-19,MILK,61
2024-01-20,MILK,41
2024-01-21,MILK,51
2024-01-22,MILK,68
2024-01-23,MILK,60
2024-01-24,MILK,74
2024-01-25,MILK,63
2024-01-26,MILK,53
2024-01-27,MILK,43
2024-01-28,MILK,50
2024-01-29,MILK,72
2024-01-30,MILK,64
2024-01-31,MILK,67
2024-02-01,MILK,59
2024-02-02,MILK,66
2024-02-03,MILK,46
2024-02-04,MILK,51
2024-02-05,MILK,59
2024-02-06,MILK,66
2024-02-07,MILK,73
2024-02-08,MILK,82
2024-02-09,MILK,65
2024-02-10,MILK,44
2024-02-11,MILK,56
2024-02-12,MILK,57
2024-02-13,MILK,62
2024-02-14,MILK,81
2024-02-15,MILK,75
2024-02-16,MILK,63
2024-02-17,MILK,47
2024-02-18,MILK,52
2024-02-19,MILK,67
2024-02-20,MILK,76
2024-02-21,MILK,73
2024-02-22,MILK,59
2024-02-23,MILK,58
2024-02-24,MILK,57
2024-02-25,MILK,46
2024-02-26,MILK,67
2024-02-27,MILK,76
2024-02-28,MILK,81
2024-02-29,MILK,75
2024-03-01,MILK,54
2024-03-02,MILK,41
2024-03-03,MILK,51
2024-03-04,MILK,69
2024-03-05,MILK,71
2024-03-06,MILK,73
2024-03-07,MILK,59
2024-03-08,MILK,69
2024-03-09,MILK,57
2024-03-10,MILK,59
2024-03-11,MILK,70
2024-03-12,MILK,78
2024-03-13,MILK,76
2024-03-14,MILK,69
2024-03-15,MILK,56
2024-03-16,MILK,68
2024-03-17,MILK,58
2024-03-18,MILK,62
2024-03-19,MILK,78
2024-03-20,MILK,71
2024-03-21,MILK,80
2024-03-22,MILK,55
2024-03-23,MILK,55
2024-03-24,MILK,61
2024-03-25,MILK,67
2024-03-26,MILK,76
2024-03-27,MILK,78
2024-03-28,MILK,70
2024-03-29,MILK,56
2024-03-30,MILK,50
2024-03-31,MILK,64
2024-04-01,MILK,65
2024-04-02,MILK,71
2024-04-03,MILK,75
2024-04-04,MILK,78
2024-04-05,MILK,64
2024-04-06,MILK,56
2024-04-07,MILK,54
2024-04-08,MILK,69
2024-04-09,MILK,72
2024-04-10,MILK,77
2024-04-11,MILK,77
2024-04-12,MILK,65
2024-04-13,MILK,47
2024-04-14,MILK,50
2024-04-15,MILK,66
2024-04-16,MILK,86
2024-04-17,MILK,67
2024-04-18,MILK,73
2024-04-19,MILK,52
2024-04-20,MILK,49
2024-04-21,MILK,53
2024-04-22,MILK,63
2024-04-23,MILK,72
2024-04-24,MILK,78
2024-04-25,MILK,68
2024-04-26,MILK,51
2024-04-27,MILK,57
2024-04-28,MILK,60
2024-04-29,MILK,70
2024-04-30,MILK,66
2024-05-01,MILK,80
2024-05-02,MILK,75
2024-05-03,MILK,54
2024-05-04,MILK,53
2024-05-05,MILK,54
2024-05-06,MILK,76
2024-05-07,MILK,87
2024-05-08,MILK,68
2024-05-09,MILK,86
2024-05-10,MILK,54
2024-05-11,MILK,58
2024-05-12,MILK,61
2024-05-13,MILK,59
2024-05-14,MILK,78
2024-05-15,MILK,77
2024-05-16,MILK,74
2024-05-17,MILK,61
2024-05-18,MILK,59
2024-05-19,MILK,55
2024-05-20,MILK,64
2024-05-21,MILK,82
2024-05-22,MILK,81
2024-05-23,MILK,75
2024-05-24,MILK,55
2024-05-25,MILK,46
2024-05-26,MILK,51
2024-05-27,MILK,61
2024-05-28,MILK,79
2024-05-29,MILK,83
2024-05-30,MILK,69
2024-05-31,MILK,67
2024-06-01,MILK,60
2024-06-02,MILK,56
2024-06-03,MILK,59
2024-06-04,MILK,84
2024-06-05,MILK,76
2024-06-06,MILK,70
2024-06-07,MILK,56
2024-06-08,MILK,46
2024-06-09,MILK,45
2024-06-10,MILK,68
2024-06-11,MILK,69
2024-06-12,MILK,95
2024-06-13,MILK,63
2024-06-14,MILK,50
2024-06-15,MILK,54
2024-06-16,MILK,63
2024-06-17,MILK,64
2024-06-18,MILK,77
2024-06-19,MILK,65
2024-06-20,MILK,65
2024-06-21,MILK,51
2024-06-22,MILK,39
2024-06-23,MILK,54
2024-06-24,MILK,50
2024-06-25,MILK,65
2024-06-26,MILK,72
2024-06-27,MILK,63
2024-06-28,MILK,60
2024-06-29,MILK,52
2024-06-30,MILK,58
2024-07-01,MILK,67
2024-07-02,MILK,80
2024-07-03,MILK,75
2024-07-04,MILK,70
2024-07-05,MILK,60
2024-07-06,MILK,50
2024-07-07,MILK,50
2024-07-08,MILK,60
2024-07-09,MILK,67
2024-07-10,MILK,77
2024-07-11,MILK,67
2024-07-12,MILK,52
2024-07-13,MILK,45
2024-07-14,MILK,44
2024-07-15,MILK,68
2024-07-16,MILK,72
2024-07-17,MILK,69
2024-07-18,MILK,72
2024-07-19,MILK,53
2024-07-20,MILK,40
2024-07-21,MILK,57
2024-07-22,MILK,58
2024-07-23,MILK,69
2024-07-24,MILK,74
2024-07-25,MILK,74
2024-07-26,MILK,56
2024-07-27,MILK,41
2024-07-28,MILK,54
2024-07-29,MILK,58
2024-07-30,MILK,82
2024-07-31,MILK,74
2024-08-01,MILK,53
2024-08-02,MILK,57
2024-08-03,MILK,60
2024-08-04,MILK,60
2024-08-05,MILK,72
2024-08-06,MILK,65
2024-08-07,MILK,79
2024-08-08,MILK,62
2024-08-09,MILK,56
2024-08-10,MILK,40
2024-08-11,MILK,46
2024-08-12,MILK,56
2024-08-13,MILK,76
2024-08-14,MILK,78
2024-08-15,MILK,68
2024-08-16,MILK,46
2024-08-17,MILK,46
2024-08-18,MILK,45
2024-08-19,MILK,65
2024-08-20,MILK,77
2024-08-21,MILK,79
2024-08-22,MILK,61
2024-08-23,MILK,38
2024-08-24,MILK,37
2024-08-25,MILK,58
2024-08-26,MILK,57
2024-08-27,MILK,66
2024-08-28,MILK,82
2024-08-29,MILK,73
2024-08-30,MILK,54
2024-08-31,MILK,45
2024-09-01,MILK,49
2024-09-02,MILK,61
2024-09-03,MILK,79
2024-09-04,MILK,75
2024-09-05,MILK,70
2024-09-06,MILK,61
2024-09-07,MILK,40
2024-09-08,MILK,54
2024-09-09,MILK,58
2024-09-10,MILK,55
2024-09-11,MILK,60
2024-09-12,MILK,59
2024-09-13,MILK,57
2024-09-14,MILK,48
2024-09-15,MILK,51
2024-09-16,MILK,71
2024-09-17,MILK,62
2024-09-18,MILK,72
2024-09-19,MILK,67
2024-09-20,MILK,50
2024-09-21,MILK,47
2024-09-22,MILK,40
2024-09-23,MILK,68
2024-09-24,MILK,66
2024-09-25,MILK,85
2024-09-26,MILK,65
2024-09-27,MILK,60
2024-09-28,MILK,47
2024-09-29,MILK,49
2024-09-30,MILK,56
2024-10-01,MILK,71
2024-10-02,MILK,74
2024-10-03,MILK,61
2024-10-04,MILK,54
2024-10-05,MILK,44
2024-10-06,MILK,64
2024-10-07,MILK,59
2024-10-08,MILK,79
2024-10-09,MILK,72
2024-10-10,MILK,67
2024-10-11,MILK,47
2024-10-12,MILK,45
2024-10-13,MILK,51
2024-10-14,MILK,70
2024-10-15,MILK,72
2024-10-16,MILK,81
2024-10-17,MILK,70
2024-10-18,MILK,65
2024-10-19,MILK,48
2024-10-20,MILK,65
2024-10-21,MILK,58
2024-10-22,MILK,66
2024-10-23,MILK,66
2024-10-24,MILK,80
2024-10-25,MILK,60
2024-10-26,MILK,46
2024-10-27,MILK,58
2024-10-28,MILK,65
2024-10-29,MILK,83
2024-10-30,MILK,65
2024-10-31,MILK,65
2024-11-01,MILK,53
2024-11-02,MILK,37
2024-11-03,MILK,58
2024-11-04,MILK,60
2024-11-05,MILK,76
2024-11-06,MILK,89
2024-11-07,MILK,65
2024-11-08,MILK,54
2024-11-09,MILK,50
2024-11-10,MILK,58
2024-11-11,MILK,59
2024-11-12,MILK,69
2024-11-13,MILK,81
2024-11-14,MILK,70
2024-11-15,MILK,45
2024-11-16,MILK,42
2024-11-17,MILK,61
2024-11-18,MILK,65
2024-11-19,MILK,68
2024-11-20,MILK,75
2024-11-21,MILK,69
2024-11-22,MILK,62
2024-11-23,MILK,42
2024-11-24,MILK,48
2024-11-25,MILK,65
2024-11-26,MILK,73
2024-11-27,MILK,80
2024-11-28,MILK,62
2024-11-29,MILK,60
2024-11-30,MILK,58
2024-12-01,MILK,57
2024-12-02,MILK,65
2024-12-03,MILK,74
2024-12-04,MILK,72
2024-12-05,MILK,70
2024-12-06,MILK,66
2024-12-07,MILK,51
2024-12-08,MILK,49
2024-12-09,MILK,62
2024-12-10,MILK,76
2024-12-11,MILK,75
2024-12-12,MILK,74
2024-12-13,MILK,63
2024-12-14,MILK,58
2024-12-15,MILK,64
2024-12-16,MILK,71
2024-12-17,MILK,70
2024-12-18,MILK,73
2024-12-19,MILK,71
2024-12-20,MILK,58
2024-12-21,MILK,47
2024-12-22,MILK,53
2024-12-23,MILK,63
2024-12-24,MILK,72
2024-12-25,MILK,77
2024-12-26,MILK,79
2024-12-27,MILK,62
2024-12-28,MILK,69
2024-12-29,MILK,58
2024-12-30,MILK,65
2024-12-31,MILK,77
2025-01-01,MILK,81
2025-01-02,MILK,76
2025-01-03,MILK,74
2025-01-04,MILK,50
2025-01-05,MILK,63
2025-01-06,MILK,69
2025-01-07,MILK,69
2025-01-08,MILK,85
2025-01-09,MILK,81
2025-01-10,MILK,57
2025-01-11,MILK,56
2025-01-12,MILK,48
2025-01-13,MILK,61
2025-01-14,MILK,85
2025-01-15,MILK,79
2025-01-16,MILK,68
2025-01-17,MILK,65
2025-01-18,MILK,53
2025-01-19,MILK,56
2025-01-20,MILK,74
2025-01-21,MILK,73
2025-01-22,MILK,77
2025-01-23,MILK,76
2025-01-24,MILK,70
2025-01-25,MILK,65
2025-01-26,MILK,56
2025-01-27,MILK,76
2025-01-28,MILK,76
2025-01-29,MILK,94
2025-01-30,MILK,69
2025-01-31,MILK,73
2025-02-01,MILK,54
2025-02-02,MILK,73
2025-02-03,MILK,74
2025-02-04,MILK,75
2025-02-05,MILK,80
2025-02-06,MILK,81
2025-02-07,MILK,72
2025-02-08,MILK,58
2025-02-09,MILK,61
2025-02-10,MILK,76
2025-02-11,MILK,82
2025-02-12,MILK,76
2025-02-13,MILK,72
2025-02-14,MILK,68
2025-02-15,MILK,66
2025-02-16,MILK,71
2025-02-17,MILK,77
2025-02-18,MILK,84
2025-02-19,MILK,89
2025-02-20,MILK,74
2025-02-21,MILK,66
2025-02-22,MILK,55
2025-02-23,MILK,55
2025-02-24,MILK,75
2025-02-25,MILK,84
2025-02-26,MILK,90
2025-02-27,MILK,82
2025-02-28,MILK,69
2025-03-01,MILK,64
2025-03-02,MILK,63
2025-03-03,MILK,76
2025-03-04,MILK,79
2025-03-05,MILK,88
2025-03-06,MILK,83
2025-03-07,MILK,64
2025-03-08,MILK,61
2025-03-09,MILK,60
2025-03-10,MILK,70
2025-03-11,MILK,77
2025-03-12,MILK,94
2025-03-13,MILK,86
2025-03-14,MILK,71
2025-03-15,MILK,73
2025-03-16,MILK,63
2025-03-17,MILK,92
2025-03-18,MILK,83
2025-03-19,MILK,88
2025-03-20,MILK,77
2025-03-21,MILK,71
2025-03-22,MILK,66
2025-03-23,MILK,63
2025-03-24,MILK,85
2025-03-25,MILK,86
2025-03-26,MILK,89
2025-03-27,MILK,74
2025-03-28,MILK,71
2025-03-29,MILK,61
2025-03-30,MILK,61
2025-03-31,MILK,70
2025-04-01,MILK,101
2025-04-02,MILK,86
2025-04-03,MILK,71
2025-04-04,MILK,65
2025-04-05,MILK,62
2025-04-06,MILK,68
2025-04-07,MILK,78
2025-04-08,MILK,89
2025-04-09,MILK,83
2025-04-10,MILK,82
2025-04-11,MILK,64
2025-04-12,MILK,58
2025-04-13,MILK,59
2025-04-14,MILK,67
2025-04-15,MILK,91
2025-04-16,MILK,91
2025-04-17,MILK,86
2025-04-18,MILK,69
2025-04-19,MILK,67
2025-04-20,MILK,54
2025-04-21,MILK,80
2025-04-22,MILK,86
2025-04-23,MILK,91
2025-04-24,MILK,83
2025-04-25,MILK,63
2025-04-26,MILK,53
2025-04-27,MILK,60
2025-04-28,MILK,78
2025-04-29,MILK,89
2025-04-30,MILK,79
2025-05-01,MILK,74
2025-05-02,MILK,65
2025-05-03,MILK,60
2025-05-04,MILK,56
2025-05-05,MILK,66
2025-05-06,MILK,80
2025-05-07,MILK,88
2025-05-08,MILK,73
2025-05-09,MILK,68
2025-05-10,MILK,68
2025-05-11,MILK,56
2025-05-12,MILK,73
2025-05-13,MILK,91
2025-05-14,MILK,84
2025-05-15,MILK,76
2025-05-16,MILK,75
2025-05-17,MILK,60
2025-05-18,MILK,71
2025-05-19,MILK,77
2025-05-20,MILK,82
2025-05-21,MILK,89
2025-05-22,MILK,81
2025-05-23,MILK,74
2025-05-24,MILK,58
2025-05-25,MILK,64
2025-05-26,MILK,73
2025-05-27,MILK,88
2025-05-28,MILK,80
2025-05-29,MILK,85
2025-05-30,MILK,71
2025-05-31,MILK,53
2025-06-01,MILK,71
2025-06-02,MILK,87
2025-06-03,MILK,90
2025-06-04,MILK,95
2025-06-05,MILK,79
2025-06-06,MILK,58
2025-06-07,MILK,49
2025-06-08,MILK,64
2025-06-09,MILK,69
2025-06-10,MILK,78
2025-06-11,MILK,85
2025-06-12,MILK,82
2025-06-13,MILK,58
2025-06-14,MILK,57
2025-06-15,MILK,72
2025-06-16,MILK,66
2025-06-17,MILK,88
2025-06-18,MILK,82
2025-06-19,MILK,81
2025-06-20,MILK,73
2025-06-21,MILK,64
2025-06-22,MILK,68
2025-06-23,MILK,65
2024-01-01,OATS,45
2024-01-02,OATS,51
2024-01-03,OATS,57
2024-01-04,OATS,53
2024-01-05,OATS,39
2024-01-06,OATS,37
2024-01-07,OATS,23
2024-01-08,OATS,50
2024-01-09,OATS,53
2024-01-10,OATS,59
2024-01-11,OATS,42
2024-01-12,OATS,34
2024-01-13,OATS,33
2024-01-14,OATS,35
2024-01-15,OATS,45
2024-01-16,OATS,57
2024-01-17,OATS,46
2024-01-18,OATS,53
2024-01-19,OATS,39
2024-01-20,OATS,32
2024-01-21,OATS,29
2024-01-22,OATS,47
2024-01-23,OATS,41
2024-01-24,OATS,58
2024-01-25,OATS,42
2024-01-26,OATS,40
2024-01-27,OATS,34
2024-01-28,OATS,42
2024-01-29,OATS,44
2024-01-30,OATS,50
2024-01-31,OATS,54
2024-02-01,OATS,56
2024-02-02,OATS,43
2024-02-03,OATS,33
2024-02-04,OATS,36
2024-02-05,OATS,38
2024-02-06,OATS,56
2024-02-07,OATS,48
2024-02-08,OATS,54
2024-02-09,OATS,42
2024-02-10,OATS,47
2024-02-11,OATS,32
2024-02-12,OATS,46
2024-02-13,OATS,64
2024-02-14,OATS,63
2024-02-15,OATS,48
2024-02-16,OATS,43
2024-02-17,OATS,36
2024-02-18,OATS,40
2024-02-19,OATS,44
2024-02-20,OATS,55
2024-02-21,OATS,50
2024-02-22,OATS,53
2024-02-23,OATS,45
2024-02-24,OATS,36
2024-02-25,OATS,31
2024-02-26,OATS,52
2024-02-27,OATS,58
2024-02-28,OATS,55
2024-02-29,OATS,51
2024-03-01,OATS,36
2024-03-02,OATS,32
2024-03-03,OATS,37
2024-03-04,OATS,54
2024-03-05,OATS,54
2024-03-06,OATS,62
2024-03-07,OATS,50
2024-03-08,OATS,45
2024-03-09,OATS,37
2024-03-10,OATS,44
2024-03-11,OATS,46
2024-03-12,OATS,50
2024-03-13,OATS,53
2024-03-14,OATS,51
2024-03-15,OATS,38
2024-03-16,OATS,40
2024-03-17,OATS,38
2024-03-18,OATS,60
2024-03-19,OATS,49
2024-03-20,OATS,61
2024-03-21,OATS,48
2024-03-22,OATS,42
2024-03-23,OATS,39
2024-03-24,OATS,29
2024-03-25,OATS,50
2024-03-26,OATS,67
2024-03-27,OATS,58
2024-03-28,OATS,55
2024-03-29,OATS,49
2024-03-30,OATS,38
2024-03-31,OATS,38
2024-04-01,OATS,38
2024-04-02,OATS,61
2024-04-03,OATS,60
2024-04-04,OATS,49
2024-04-05,OATS,45
2024-04-06,OATS,36
2024-04-07,OATS,38
2024-04-08,OATS,52
2024-04-09,OATS,52
2024-04-10,OATS,65
2024-04-11,OATS,48
2024-04-12,OATS,42
2024-04-13,OATS,48
2024-04-14,OATS,46
2024-04-15,OATS,50
2024-04-16,OATS,54
2024-04-17,OATS,58
2024-04-18,OATS,55
2024-04-19,OATS,45
2024-04-20,OATS,38
2024-04-21,OATS,41
2024-04-22,OATS,48
2024-04-23,OATS,51
2024-04-24,OATS,58
2024-04-25,OATS,59
2024-04-26,OATS,38
2024-04-27,OATS,38
2024-04-28,OATS,37
2024-04-29,OATS,50
2024-04-30,OATS,56
2024-05-01,OATS,67
2024-05-02,OATS,57
2024-05-03,OATS,38
2024-05-04,OATS,42
2024-05-05,OATS,37
2024-05-06,OATS,47
2024-05-07,OATS,59
2024-05-08,OATS,58
2024-05-09,OATS,58
2024-05-10,OATS,41
2024-05-11,OATS,35
2024-05-12,OATS,37
2024-05-13,OATS,46
2024-05-14,OATS,63
2024-05-15,OATS,63
2024-05-16,OATS,62
2024-05-17,OATS,55
2024-05-18,OATS,33
2024-05-19,OATS,41
2024-05-20,OATS,43
2024-05-21,OATS,54
2024-05-22,OATS,56
2024-05-23,OATS,48
2024-05-24,OATS,39
2024-05-25,OATS,37
2024-05-26,OATS,34
2024-05-27,OATS,53
2024-05-28,OATS,53
2024-05-29,OATS,73
2024-05-30,OATS,51
2024-05-31,OATS,44
2024-06-01,OATS,31
2024-06-02,OATS,48
2024-06-03,OATS,54
2024-06-04,OATS,58
2024-06-05,OATS,52
2024-06-06,OATS,54
2024-06-07,OATS,38
2024-06-08,OATS,44
2024-06-09,OATS,43
2024-06-10,OATS,48
2024-06-11,OATS,45
2024-06-12,OATS,54
2024-06-13,OATS,56
2024-06-14,OATS,49
2024-06-15,OATS,42
2024-06-16,OATS,31
2024-06-17,OATS,49
2024-06-18,OATS,61
2024-06-19,OATS,50
2024-06-20,OATS,52
2024-06-21,OATS,44
2024-06-22,OATS,35
2024-06-23,OATS,30
2024-06-24,OATS,45
2024-06-25,OATS,54
2024-06-26,OATS,57
2024-06-27,OATS,49
2024-06-28,OATS,40
2024-06-29,OATS,36
2024-06-30,OATS,40
2024-07-01,OATS,45
2024-07-02,OATS,53
2024-07-03,OATS,58
2024-07-04,OATS,42
2024-07-05,OATS,44
2024-07-06,OATS,36
2024-07-07,OATS,38
2024-07-08,OATS,51
2024-07-09,OATS,45
2024-07-10,OATS,47
2024-07-11,OATS,52
2024-07-12,OATS,41
2024-07-13,OATS,36
2024-07-14,OATS,35
2024-07-15,OATS,49
2024-07-16,OATS,59
2024-07-17,OATS,59
2024-07-18,OATS,49
2024-07-19,OATS,31
2024-07-20,OATS,38
2024-07-21,OATS,43
2024-07-22,OATS,48
2024-07-23,OATS,50
2024-07-24,OATS,59
2024-07-25,OATS,54
2024-07-26,OATS,48
2024-07-27,OATS,30
2024-07-28,OATS,35
2024-07-29,OATS,49
2024-07-30,OATS,54
2024-07-31,OATS,50
2024-08-01,OATS,52
2024-08-02,OATS,43
2024-08-03,OATS,34
2024-08-04,OATS,37
2024-08-05,OATS,43
2024-08-06,OATS,60
2024-08-07,OATS,51
2024-08-08,OATS,46
2024-08-09,OATS,40
2024-08-10,OATS,38
2024-08-11,OATS,29
2024-08-12,OATS,38
2024-08-13,OATS,43
2024-08-14,OATS,55
2024-08-15,OATS,44
2024-08-16,OATS,38
2024-08-17,OATS,37
2024-08-18,OATS,32
2024-08-19,OATS,45
2024-08-20,OATS,51
2024-08-21,OATS,58
2024-08-22,OATS,51
2024-08-23,OATS,36
2024-08-24,OATS,32
2024-08-25,OATS,40
2024-08-26,OATS,46
2024-08-27,OATS,46
2024-08-28,OATS,58
2024-08-29,OATS,43
2024-08-30,OATS,46
2024-08-31,OATS,38
2024-09-01,OATS,37
2024-09-02,OATS,44
2024-09-03,OATS,51
2024-09-04,OATS,58
2024-09-05,OATS,47
2024-09-06,OATS,40
2024-09-07,OATS,37
2024-09-08,OATS,32
2024-09-09,OATS,41
2024-09-10,OATS,47
2024-09-11,OATS,49
2024-09-12,OATS,40
2024-09-13,OATS,42
2024-09-14,OATS,42
2024-09-15,OATS,42
2024-09-16,OATS,36
2024-09-17,OATS,56
2024-09-18,OATS,61
2024-09-19,OATS,46
2024-09-20,OATS,39
2024-09-21,OATS,23
2024-09-22,OATS,36
2024-09-23,OATS,39
2024-09-24,OATS,53
2024-09-25,OATS,47
2024-09-26,OATS,51
2024-09-27,OATS,44
2024-09-28,OATS,29
2024-09-29,OATS,30
2024-09-30,OATS,33
2024-10-01,OATS,51
2024-10-02,OATS,52
2024-10-03,OATS,41
2024-10-04,OATS,41
2024-10-05,OATS,31
2024-10-06,OATS,30
2024-10-07,OATS,41
2024-10-08,OATS,58
2024-10-09,OATS,58
2024-10-10,OATS,48
2024-10-11,OATS,42
2024-10-12,OATS,28
2024-10-13,OATS,36
2024-10-14,OATS,45
2024-10-15,OATS,51
2024-10-16,OATS,57
2024-10-17,OATS,45
2024-10-18,OATS,42
2024-10-19,OATS,36
2024-10-20,OATS,22
2024-10-21,OATS,50
2024-10-22,OATS,39
2024-10-23,OATS,53
2024-10-24,OATS,55
2024-10-25,OATS,39
2024-10-26,OATS,27
2024-10-27,OATS,31
2024-10-28,OATS,50
2024-10-29,OATS,45
2024-10-30,OATS,61
2024-10-31,OATS,50
2024-11-01,OATS,35
2024-11-02,OATS,32
2024-11-03,OATS,32
2024-11-04,OATS,50
2024-11-05,OATS,58
2024-11-06,OATS,48
2024-11-07,OATS,49
2024-11-08,OATS,37
2024-11-09,OATS,41
2024-11-10,OATS,31
2024-11-11,OATS,54
2024-11-12,OATS,55
2024-11-13,OATS,51
2024-11-14,OATS,48
2024-11-15,OATS,38
2024-11-16,OATS,30
2024-11-17,OATS,38
2024-11-18,OATS,41
2024-11-19,OATS,45
2024-11-20,OATS,56
2024-11-21,OATS,43
2024-11-22,OATS,39
2024-11-23,OATS,32
2024-11-24,OATS,34
2024-11-25,OATS,57
2024-11-26,OATS,56
2024-11-27,OATS,59
2024-11-28,OATS,44
2024-11-29,OATS,40
2024-11-30,OATS,38
2024-12-01,OATS,34
2024-12-02,OATS,52
2024-12-03,OATS,51
2024-12-04,OATS,58
2024-12-05,OATS,50
2024-12-06,OATS,44
2024-12-07,OATS,35
2024-12-08,OATS,39
2024-12-09,OATS,48
2024-12-10,OATS,54
2024-12-11,OATS,62
2024-12-12,OATS,55
2024-12-13,OATS,44
2024-12-14,OATS,36
2024-12-15,OATS,45
2024-12-16,OATS,48
2024-12-17,OATS,57
2024-12-18,OATS,61
2024-12-19,OATS,63
2024-12-20,OATS,39
2024-12-21,OATS,43
2024-12-22,OATS,32
2024-12-23,OATS,51
2024-12-24,OATS,67
2024-12-25,OATS,64
2024-12-26,OATS,56
2024-12-27,OATS,43
2024-12-28,OATS,40
2024-12-29,OATS,41
2024-12-30,OATS,47
2024-12-31,OATS,58
2025-01-01,OATS,63
2025-01-02,OATS,52
2025-01-03,OATS,43
2025-01-04,OATS,34
2025-01-05,OATS,45
2025-01-06,OATS,54
2025-01-07,OATS,62
2025-01-08,OATS,67
2025-01-09,OATS,57
2025-01-10,OATS,49
2025-01-11,OATS,43
2025-01-12,OATS,43
2025-01-13,OATS,50
2025-01-14,OATS,72
2025-01-15,OATS,61
2025-01-16,OATS,54
2025-01-17,OATS,50
2025-01-18,OATS,44
2025-01-19,OATS,38
2025-01-20,OATS,59
2025-01-21,OATS,62
2025-01-22,OATS,59
2025-01-23,OATS,64
2025-01-24,OATS,52
2025-01-25,OATS,37
2025-01-26,OATS,54
2025-01-27,OATS,57
2025-01-28,OATS,63
2025-01-29,OATS,73
2025-01-30,OATS,60
2025-01-31,OATS,50
2025-02-01,OATS,41
2025-02-02,OATS,49
2025-02-03,OATS,57
2025-02-04,OATS,64
2025-02-05,OATS,62
2025-02-06,OATS,60
2025-02-07,OATS,50
2025-02-08,OATS,38
2025-02-09,OATS,40
2025-02-10,OATS,58
2025-02-11,OATS,52
2025-02-12,OATS,67
2025-02-13,OATS,58
2025-02-14,OATS,57
2025-02-15,OATS,43
2025-02-16,OATS,50
2025-02-17,OATS,54
2025-02-18,OATS,65
2025-02-19,OATS,70
2025-02-20,OATS,59
2025-02-21,OATS,56
2025-02-22,OATS,41
2025-02-23,OATS,49
2025-02-24,OATS,61
2025-02-25,OATS,68
2025-02-26,OATS,77
2025-02-27,OATS,58
2025-02-28,OATS,45
2025-03-01,OATS,41
2025-03-02,OATS,52
2025-03-03,OATS,59
2025-03-04,OATS,66
2025-03-05,OATS,63
2025-03-06,OATS,66
2025-03-07,OATS,47
2025-03-08,OATS,52
2025-03-09,OATS,63
2025-03-10,OATS,59
2025-03-11,OATS,69
2025-03-12,OATS,66
2025-03-13,OATS,54
2025-03-14,OATS,50
2025-03-15,OATS,42
2025-03-16,OATS,42
2025-03-17,OATS,66
2025-03-18,OATS,68
2025-03-19,OATS,70
2025-03-20,OATS,61
2025-03-21,OATS,52
2025-03-22,OATS,52
2025-03-23,OATS,49
2025-03-24,OATS,61
2025-03-25,OATS,66
2025-03-26,OATS,67
2025-03-27,OATS,56
2025-03-28,OATS,44
2025-03-29,OATS,46
2025-03-30,OATS,50
2025-03-31,OATS,52
2025-04-01,OATS,67
2025-04-02,OATS,69
2025-04-03,OATS,53
2025-04-04,OATS,49
2025-04-05,OATS,50
2025-04-06,OATS,52
2025-04-07,OATS,53
2025-04-08,OATS,68
2025-04-09,OATS,74
2025-04-10,OATS,67
2025-04-11,OATS,53
2025-04-12,OATS,46
2025-04-13,OATS,47
2025-04-14,OATS,61
2025-04-15,OATS,68
2025-04-16,OATS,72
2025-04-17,OATS,64
2025-04-18,OATS,58
2025-04-19,OATS,48
2025-04-20,OATS,54
2025-04-21,OATS,63
2025-04-22,OATS,63
2025-04-23,OATS,61
2025-04-24,OATS,71
2025-04-25,OATS,55
2025-04-26,OATS,40
2025-04-27,OATS,47
2025-04-28,OATS,62
2025-04-29,OATS,66
2025-04-30,OATS,67
2025-05-01,OATS,70
2025-05-02,OATS,49
2025-05-03,OATS,44
2025-05-04,OATS,51
2025-05-05,OATS,60
2025-05-06,OATS,69
2025-05-07,OATS,73
2025-05-08,OATS,64
2025-05-09,OATS,56
2025-05-10,OATS,46
2025-05-11,OATS,50
2025-05-12,OATS,59
2025-05-13,OATS,68
2025-05-14,OATS,73
2025-05-15,OATS,66
2025-05-16,OATS,54
2025-05-17,OATS,43
2025-05-18,OATS,50
2025-05-19,OATS,58
2025-05-20,OATS,67
2025-05-21,OATS,79
2025-05-22,OATS,60
2025-05-23,OATS,55
2025-05-24,OATS,52
2025-05-25,OATS,50
2025-05-26,OATS,69
2025-05-27,OATS,64
2025-05-28,OATS,70
2025-05-29,OATS,59
2025-05-30,OATS,51
2025-05-31,OATS,48
2025-06-01,OATS,53
2025-06-02,OATS,59
2025-06-03,OATS,72
2025-06-04,OATS,68
2025-06-05,OATS,60
2025-06-06,OATS,65
2025-06-07,OATS,48
2025-06-08,OATS,45
2025-06-09,OATS,54
2025-06-10,OATS,61
2025-06-11,OATS,72
2025-06-12,OATS,60
2025-06-13,OATS,53
2025-06-14,OATS,46
2025-06-15,OATS,52
2025-06-16,OATS,53
2025-06-17,OATS,60
2025-06-18,OATS,68
2025-06-19,OATS,64
2025-06-20,OATS,53
2025-06-21,OATS,42
2025-06-22,OATS,51
2025-06-23,OATS,53
2024-01-01,RICE,35
2024-01-02,RICE,41
2024-01-03,RICE,46
2024-01-04,RICE,39
2024-01-05,RICE,31
2024-01-06,RICE,23
2024-01-07,RICE,21
2024-01-08,RICE,28
2024-01-09,RICE,45
2024-01-10,RICE,44
2024-01-11,RICE,37
2024-01-12,RICE,31
2024-01-13,RICE,29
2024-01-14,RICE,28
2024-01-15,RICE,33
2024-01-16,RICE,49
2024-01-17,RICE,52
2024-01-18,RICE,42
2024-01-19,RICE,36
2024-01-20,RICE,32
2024-01-21,RICE,33
2024-01-22,RICE,39
2024-01-23,RICE,47
2024-01-24,RICE,48
2024-01-25,RICE,36
2024-01-26,RICE,35
2024-01-27,RICE,21
2024-01-28,RICE,26
2024-01-29,RICE,42
2024-01-30,RICE,48
2024-01-31,RICE,53
2024-02-01,RICE,41
2024-02-02,RICE,28
2024-02-03,RICE,27
2024-02-04,RICE,30
2024-02-05,RICE,38
2024-02-06,RICE,50
2024-02-07,RICE,46
2024-02-08,RICE,44
2024-02-09,RICE,30
2024-02-10,RICE,30
2024-02-11,RICE,30
2024-02-12,RICE,35
2024-02-13,RICE,45
2024-02-14,RICE,48
2024-02-15,RICE,42
2024-02-16,RICE,42
2024-02-17,RICE,29
2024-02-18,RICE,30
2024-02-19,RICE,30
2024-02-20,RICE,43
2024-02-21,RICE,48
2024-02-22,RICE,41
2024-02-23,RICE,41
2024-02-24,RICE,29
2024-02-25,RICE,37
2024-02-26,RICE,40
2024-02-27,RICE,48
2024-02-28,RICE,49
2024-02-29,RICE,44
2024-03-01,RICE,43
2024-03-02,RICE,20
2024-03-03,RICE,24
2024-03-04,RICE,38
2024-03-05,RICE,48
2024-03-06,RICE,53
2024-03-07,RICE,47
2024-03-08,RICE,34
2024-03-09,RICE,35
2024-03-10,RICE,37
2024-03-11,RICE,41
2024-03-12,RICE,52
2024-03-13,RICE,51
2024-03-14,RICE,43
2024-03-15,RICE,39
2024-03-16,RICE,31
2024-03-17,RICE,33
2024-03-18,RICE,47
2024-03-19,RICE,38
2024-03-20,RICE,45
2024-03-21,RICE,40
2024-03-22,RICE,35
2024-03-23,RICE,30
2024-03-24,RICE,27
2024-03-25,RICE,37
2024-03-26,RICE,45
2024-03-27,RICE,61
2024-03-28,RICE,53
2024-03-29,RICE,35
2024-03-30,RICE,30
2024-03-31,RICE,29
2024-04-01,RICE,33
2024-04-02,RICE,49
2024-04-03,RICE,47
2024-04-04,RICE,45
2024-04-05,RICE,30
2024-04-06,RICE,28
2024-04-07,RICE,34
2024-04-08,RICE,43
2024-04-09,RICE,51
2024-04-10,RICE,46
2024-04-11,RICE,49
2024-04-12,RICE,34
2024-04-13,RICE,34
2024-04-14,RICE,34
2024-04-15,RICE,36
2024-04-16,RICE,48
2024-04-17,RICE,53
2024-04-18,RICE,48
2024-04-19,RICE,37
2024-04-20,RICE,38
2024-04-21,RICE,38
2024-04-22,RICE,40
2024-04-23,RICE,52
2024-04-24,RICE,59
2024-04-25,RICE,54
2024-04-26,RICE,32
2024-04-27,RICE,28
2024-04-28,RICE,40
2024-04-29,RICE,37
2024-04-30,RICE,44
2024-05-01,RICE,49
2024-05-02,RICE,47
2024-05-03,RICE,37
2024-05-04,RICE,29
2024-05-05,RICE,31
2024-05-06,RICE,38
2024-05-07,RICE,45
2024-05-08,RICE,61
2024-05-09,RICE,47
2024-05-10,RICE,41
2024-05-11,RICE,29
2024-05-12,RICE,33
2024-05-13,RICE,38
2024-05-14,RICE,38
2024-05-15,RICE,45
2024-05-16,RICE,38
2024-05-17,RICE,27
2024-05-18,RICE,26
2024-05-19,RICE,39
2024-05-20,RICE,41
2024-05-21,RICE,54
2024-05-22,RICE,52
2024-05-23,RICE,48
2024-05-24,RICE,33
2024-05-25,RICE,33
2024-05-26,RICE,36
2024-05-27,RICE,38
2024-05-28,RICE,51
2024-05-29,RICE,53
2024-05-30,RICE,42
2024-05-31,RICE,31
2024-06-01,RICE,26
2024-06-02,RICE,33
2024-06-03,RICE,42
2024-06-04,RICE,45
2024-06-05,RICE,50
2024-06-06,RICE,47
2024-06-07,RICE,38
2024-06-08,RICE,37
2024-06-09,RICE,37
2024-06-10,RICE,36
2024-06-11,RICE,55
2024-06-12,RICE,47
2024-06-13,RICE,48
2024-06-14,RICE,36
2024-06-15,RICE,28
2024-06-16,RICE,24
2024-06-17,RICE,39
2024-06-18,RICE,41
2024-06-19,RICE,53
2024-06-20,RICE,50
2024-06-21,RICE,32
2024-06-22,RICE,31
2024-06-23,RICE,28
2024-06-24,RICE,36
2024-06-25,RICE,50
2024-06-26,RICE,48
2024-06-27,RICE,50
2024-06-28,RICE,32
2024-06-29,RICE,33
2024-06-30,RICE,31
2024-07-01,RICE,42
2024-07-02,RICE,44
2024-07-03,RICE,48
2024-07-04,RICE,42
2024-07-05,RICE,30
2024-07-06,RICE,31
2024-07-07,RICE,33
2024-07-08,RICE,41
2024-07-09,RICE,52
2024-07-10,RICE,54
2024-07-11,RICE,41
2024-07-12,RICE,35
2024-07-13,RICE,25
2024-07-14,RICE,30
2024-07-15,RICE,35
2024-07-16,RICE,52
2024-07-17,RICE,49
2024-07-18,RICE,41
2024-07-19,RICE,38
2024-07-20,RICE,19
2024-07-21,RICE,21
2024-07-22,RICE,41
2024-07-23,RICE,45
2024-07-24,RICE,48
2024-07-25,RICE,36
2024-07-26,RICE,33
2024-07-27,RICE,36
2024-07-28,RICE,33
2024-07-29,RICE,38
2024-07-30,RICE,43
2024-07-31,RICE,45
2024-08-01,RICE,32
2024-08-02,RICE,34
2024-08-03,RICE,31
2024-08-04,RICE,22
2024-08-05,RICE,34
2024-08-06,RICE,40
2024-08-07,RICE,42
2024-08-08,RICE,41
2024-08-09,RICE,23
2024-08-10,RICE,29
2024-08-11,RICE,32
2024-08-12,RICE,35
2024-08-13,RICE,34
2024-08-14,RICE,42
2024-08-15,RICE,46
2024-08-16,RICE,20
2024-08-17,RICE,25
2024-08-18,RICE,23
2024-08-19,RICE,39
2024-08-20,RICE,41
2024-08-21,RICE,47
2024-08-22,RICE,43
2024-08-23,RICE,39
2024-08-24,RICE,25
2024-08-25,RICE,30
2024-08-26,RICE,30
2024-08-27,RICE,49
2024-08-28,RICE,42
2024-08-29,RICE,38
2024-08-30,RICE,31
2024-08-31,RICE,19
2024-09-01,RICE,29
2024-09-02,RICE,40
2024-09-03,RICE,45
2024-09-04,RICE,39
2024-09-05,RICE,40
2024-09-06,RICE,34
2024-09-07,RICE,18
2024-09-08,RICE,23
2024-09-09,RICE,39
2024-09-10,RICE,45
2024-09-11,RICE,47
2024-09-12,RICE,48
2024-09-13,RICE,33
2024-09-14,RICE,29
2024-09-15,RICE,39
2024-09-16,RICE,35
2024-09-17,RICE,40
2024-09-18,RICE,47
2024-09-19,RICE,42
2024-09-20,RICE,29
2024-09-21,RICE,22
2024-09-22,RICE,38
2024-09-23,RICE,37
2024-09-24,RICE,40
2024-09-25,RICE,49
2024-09-26,RICE,40
2024-09-27,RICE,30
2024-09-28,RICE,28
2024-09-29,RICE,23
2024-09-30,RICE,37
2024-10-01,RICE,52
2024-10-02,RICE,48
2024-10-03,RICE,39
2024-10-04,RICE,29
2024-10-05,RICE,24
2024-10-06,RICE,27
2024-10-07,RICE,34
2024-10-08,RICE,48
2024-10-09,RICE,39
2024-10-10,RICE,44
2024-10-11,RICE,30
2024-10-12,RICE,28
2024-10-13,RICE,24
2024-10-14,RICE,42
2024-10-15,RICE,49
2024-10-16,RICE,50
2024-10-17,RICE,34
2024-10-18,RICE,36
2024-10-19,RICE,28
2024-10-20,RICE,22
2024-10-21,RICE,37
2024-10-22,RICE,46
2024-10-23,RICE,49
2024-10-24,RICE,42
2024-10-25,RICE,34
2024-10-26,RICE,33
2024-10-27,RICE,34
2024-10-28,RICE,25
2024-10-29,RICE,44
2024-10-30,RICE,46
2024-10-31,RICE,34
2024-11-01,RICE,33
2024-11-02,RICE,33
2024-11-03,RICE,25
2024-11-04,RICE,39
2024-11-05,RICE,42
2024-11-06,RICE,45
2024-11-07,RICE,48
2024-11-08,RICE,31
2024-11-09,RICE,30
2024-11-10,RICE,22
2024-11-11,RICE,46
2024-11-12,RICE,49
2024-11-13,RICE,47
2024-11-14,RICE,45
2024-11-15,RICE,28
2024-11-16,RICE,34
2024-11-17,RICE,29
2024-11-18,RICE,38
2024-11-19,RICE,45
2024-11-20,RICE,46
2024-11-21,RICE,46
2024-11-22,RICE,36
2024-11-23,RICE,32
2024-11-24,RICE,31
2024-11-25,RICE,41
2024-11-26,RICE,45
2024-11-27,RICE,59
2024-11-28,RICE,37
2024-11-29,RICE,41
2024-11-30,RICE,36
2024-12-01,RICE,29
2024-12-02,RICE,49
2024-12-03,RICE,52
2024-12-04,RICE,54
2024-12-05,RICE,45
2024-12-06,RICE,35
2024-12-07,RICE,30
2024-12-08,RICE,34
2024-12-09,RICE,47
2024-12-10,RICE,49
2024-12-11,RICE,47
2024-12-12,RICE,49
2024-12-13,RICE,41
2024-12-14,RICE,34
2024-12-15,RICE,37
2024-12-16,RICE,40
2024-12-17,RICE,45
2024-12-18,RICE,48
2024-12-19,RICE,39
2024-12-20,RICE,39
2024-12-21,RICE,32
2024-12-22,RICE,32
2024-12-23,RICE,30
2024-12-24,RICE,45
2024-12-25,RICE,57
2024-12-26,RICE,44
2024-12-27,RICE,40
2024-12-28,RICE,27
2024-12-29,RICE,41
2024-12-30,RICE,42
2024-12-31,RICE,52
2025-01-01,RICE,63
2025-01-02,RICE,54
2025-01-03,RICE,38
2025-01-04,RICE,31
2025-01-05,RICE,34
2025-01-06,RICE,46
2025-01-07,RICE,51
2025-01-08,RICE,52
2025-01-09,RICE,55
2025-01-10,RICE,39
2025-01-11,RICE,44
2025-01-12,RICE,37
2025-01-13,RICE,52
2025-01-14,RICE,54
2025-01-15,RICE,59
2025-01-16,RICE,46
2025-01-17,RICE,37
2025-01-18,RICE,37
2025-01-19,RICE,42
2025-01-20,RICE,45
2025-01-21,RICE,48
2025-01-22,RICE,50
2025-01-23,RICE,44
2025-01-24,RICE,34
2025-01-25,RICE,37
2025-01-26,RICE,43
2025-01-27,RICE,46
2025-01-28,RICE,44
2025-01-29,RICE,55
2025-01-30,RICE,50
2025-01-31,RICE,51
2025-02-01,RICE,31
2025-02-02,RICE,37
2025-02-03,RICE,54
2025-02-04,RICE,57
2025-02-05,RICE,59
2025-02-06,RICE,52
2025-02-07,RICE,44
2025-02-08,RICE,41
2025-02-09,RICE,36
2025-02-10,RICE,51
2025-02-11,RICE,50
2025-02-12,RICE,59
2025-02-13,RICE,53
2025-02-14,RICE,41
2025-02-15,RICE,38
2025-02-16,RICE,37
2025-02-17,RICE,44
2025-02-18,RICE,54
2025-02-19,RICE,53
2025-02-20,RICE,54
2025-02-21,RICE,39
2025-02-22,RICE,42
2025-02-23,RICE,36
2025-02-24,RICE,46
2025-02-25,RICE,54
2025-02-26,RICE,64
2025-02-27,RICE,55
2025-02-28,RICE,44
2025-03-01,RICE,41
2025-03-02,RICE,32
2025-03-03,RICE,49
2025-03-04,RICE,65
2025-03-05,RICE,59
2025-03-06,RICE,54
2025-03-07,RICE,47
2025-03-08,RICE,43
2025-03-09,RICE,33
2025-03-10,RICE,42
2025-03-11,RICE,58
2025-03-12,RICE,56
2025-03-13,RICE,60
2025-03-14,RICE,44
2025-03-15,RICE,32
2025-03-16,RICE,37
2025-03-17,RICE,38
2025-03-18,RICE,57
2025-03-19,RICE,59
2025-03-20,RICE,53
2025-03-21,RICE,50
2025-03-22,RICE,45
2025-03-23,RICE,42
2025-03-24,RICE,41
2025-03-25,RICE,61
2025-03-26,RICE,62
2025-03-27,RICE,56
2025-03-28,RICE,50
2025-03-29,RICE,36
2025-03-30,RICE,51
2025-03-31,RICE,46
2025-04-01,RICE,61
2025-04-02,RICE,53
2025-04-03,RICE,51
2025-04-04,RICE,52
2025-04-05,RICE,40
2025-04-06,RICE,46
2025-04-07,RICE,52
2025-04-08,RICE,58
2025-04-09,RICE,66
2025-04-10,RICE,54
2025-04-11,RICE,39
2025-04-12,RICE,37
2025-04-13,RICE,45
2025-04-14,RICE,52
2025-04-15,RICE,52
2025-04-16,RICE,57
2025-04-17,RICE,53
2025-04-18,RICE,45
2025-04-19,RICE,35
2025-04-20,RICE,40
2025-04-21,RICE,48
2025-04-22,RICE,62
2025-04-23,RICE,64
2025-04-24,RICE,54
2025-04-25,RICE,45
2025-04-26,RICE,41
2025-04-27,RICE,39
2025-04-28,RICE,46
2025-04-29,RICE,54
2025-04-30,RICE,58
2025-05-01,RICE,50
2025-05-02,RICE,47
2025-05-03,RICE,44
2025-05-04,RICE,36
2025-05-05,RICE,51
2025-05-06,RICE,57
2025-05-07,RICE,62
2025-05-08,RICE,55
2025-05-09,RICE,40
2025-05-10,RICE,35
2025-05-11,RICE,43
2025-05-12,RICE,55
2025-05-13,RICE,49
2025-05-14,RICE,61
2025-05-15,RICE,59
2025-05-16,RICE,45
2025-05-17,RICE,43
2025-05-18,RICE,39
2025-05-19,RICE,50
2025-05-20,RICE,51
2025-05-21,RICE,50
2025-05-22,RICE,58
2025-05-23,RICE,41
2025-05-24,RICE,38
2025-05-25,RICE,36
2025-05-26,RICE,44
2025-05-27,RICE,57
2025-05-28,RICE,56
2025-05-29,RICE,56
2025-05-30,RICE,47
2025-05-31,RICE,41
2025-06-01,RICE,43
2025-06-02,RICE,56
2025-06-03,RICE,53
2025-06-04,RICE,59
2025-06-05,RICE,58
2025-06-06,RICE,50
2025-06-07,RICE,33
2025-06-08,RICE,40
2025-06-09,RICE,55
2025-06-10,RICE,59
2025-06-11,RICE,59
2025-06-12,RICE,52
2025-06-13,RICE,43
2025-06-14,RICE,40
2025-06-15,RICE,40
2025-06-16,RICE,48
2025-06-17,RICE,57
2025-06-18,RICE,55
2025-06-19,RICE,55
2025-06-20,RICE,56
2025-06-21,RICE,31
2025-06-22,RICE,42
2025-06-23,RICE,45
2024-01-01,SOAP,47
2024-01-02,SOAP,54
2024-01-03,SOAP,69
2024-01-04,SOAP,59
2024-01-05,SOAP,49
2024-01-06,SOAP,46
2024-01-07,SOAP,56
2024-01-08,SOAP,42
2024-01-09,SOAP,56
2024-01-10,SOAP,59
2024-01-11,SOAP,52
2024-01-12,SOAP,40
2024-01-13,SOAP,38
2024-01-14,SOAP,35
2024-01-15,SOAP,53
2024-01-16,SOAP,61
2024-01-17,SOAP,66
2024-01-18,SOAP,60
2024-01-19,SOAP,50
2024-01-20,SOAP,38
2024-01-21,SOAP,54
2024-01-22,SOAP,54
2024-01-23,SOAP,52
2024-01-24,SOAP,59
2024-01-25,SOAP,48
2024-01-26,SOAP,48
2024-01-27,SOAP,40
2024-01-28,SOAP,41
2024-01-29,SOAP,64
2024-01-30,SOAP,65
2024-01-31,SOAP,69
2024-02-01,SOAP,53
2024-02-02,SOAP,43
2024-02-03,SOAP,42
2024-02-04,SOAP,45
2024-02-05,SOAP,44
2024-02-06,SOAP,62
2024-02-07,SOAP,66
2024-02-08,SOAP,58
2024-02-09,SOAP,44
2024-02-10,SOAP,40
2024-02-11,SOAP,44
2024-02-12,SOAP,55
2024-02-13,SOAP,67
2024-02-14,SOAP,72
2024-02-15,SOAP,58
2024-02-16,SOAP,47
2024-02-17,SOAP,45
2024-02-18,SOAP,49
2024-02-19,SOAP,53
2024-02-20,SOAP,69
2024-02-21,SOAP,72
2024-02-22,SOAP,67
2024-02-23,SOAP,60
2024-02-24,SOAP,39
2024-02-25,SOAP,46
2024-02-26,SOAP,56
2024-02-27,SOAP,64
2024-02-28,SOAP,64
2024-02-29,SOAP,53
2024-03-01,SOAP,51
2024-03-02,SOAP,40
2024-03-03,SOAP,47
2024-03-04,SOAP,52
2024-03-05,SOAP,60
2024-03-06,SOAP,69
2024-03-07,SOAP,62
2024-03-08,SOAP,54
2024-03-09,SOAP,56
2024-03-10,SOAP,48
2024-03-11,SOAP,59
2024-03-12,SOAP,60
2024-03-13,SOAP,61
2024-03-14,SOAP,70
2024-03-15,SOAP,46
2024-03-16,SOAP,39
2024-03-17,SOAP,47
2024-03-18,SOAP,56
2024-03-19,SOAP,61
2024-03-20,SOAP,67
2024-03-21,SOAP,69
2024-03-22,SOAP,47
2024-03-23,SOAP,38
2024-03-24,SOAP,53
2024-03-25,SOAP,60
2024-03-26,SOAP,63
2024-03-27,SOAP,60
2024-03-28,SOAP,58
2024-03-29,SOAP,52
2024-03-30,SOAP,52
2024-03-31,SOAP,42
2024-04-01,SOAP,57
2024-04-02,SOAP,70
2024-04-03,SOAP,56
2024-04-04,SOAP,68
2024-04-05,SOAP,46
2024-04-06,SOAP,47
2024-04-07,SOAP,49
2024-04-08,SOAP,63
2024-04-09,SOAP,70
2024-04-10,SOAP,56
2024-04-11,SOAP,58
2024-04-12,SOAP,53
2024-04-13,SOAP,45
2024-04-14,SOAP,51
2024-04-15,SOAP,62
2024-04-16,SOAP,70
2024-04-17,SOAP,68
2024-04-18,SOAP,53
2024-04-19,SOAP,50
2024-04-20,SOAP,48
2024-04-21,SOAP,42
2024-04-22,SOAP,61
2024-04-23,SOAP,72
2024-04-24,SOAP,70
2024-04-25,SOAP,46
2024-04-26,SOAP,45
2024-04-27,SOAP,56
2024-04-28,SOAP,45
2024-04-29,SOAP,47
2024-04-30,SOAP,73
2024-05-01,SOAP,69
2024-05-02,SOAP,69
2024-05-03,SOAP,54
2024-05-04,SOAP,48
2024-05-05,SOAP,50
2024-05-06,SOAP,61
2024-05-07,SOAP,79
2024-05-08,SOAP,74
2024-05-09,SOAP,54
2024-05-10,SOAP,54
2024-05-11,SOAP,52
2024-05-12,SOAP,54
2024-05-13,SOAP,55
2024-05-14,SOAP,73
2024-05-15,SOAP,74
2024-05-16,SOAP,76
2024-05-17,SOAP,48
2024-05-18,SOAP,42
2024-05-19,SOAP,46
2024-05-20,SOAP,54
2024-05-21,SOAP,61
2024-05-22,SOAP,54
2024-05-23,SOAP,60
2024-05-24,SOAP,53
2024-05-25,SOAP,42
2024-05-26,SOAP,58
2024-05-27,SOAP,57
2024-05-28,SOAP,73
2024-05-29,SOAP,70
2024-05-30,SOAP,66
2024-05-31,SOAP,53
2024-06-01,SOAP,52
2024-06-02,SOAP,47
2024-06-03,SOAP,59
2024-06-04,SOAP,68
2024-06-05,SOAP,66
2024-06-06,SOAP,63
2024-06-07,SOAP,63
2024-06-08,SOAP,43
2024-06-09,SOAP,49
2024-06-10,SOAP,63
2024-06-11,SOAP,71
2024-06-12,SOAP,67
2024-06-13,SOAP,48
2024-06-14,SOAP,53
2024-06-15,SOAP,32
2024-06-16,SOAP,54
2024-06-17,SOAP,56
2024-06-18,SOAP,70
2024-06-19,SOAP,62
2024-06-20,SOAP,52
2024-06-21,SOAP,51
2024-06-22,SOAP,43
2024-06-23,SOAP,43
2024-06-24,SOAP,55
2024-06-25,SOAP,79
2024-06-26,SOAP,71
2024-06-27,SOAP,66
2024-06-28,SOAP,54
2024-06-29,SOAP,51
2024-06-30,SOAP,44
2024-07-01,SOAP,43
2024-07-02,SOAP,63
2024-07-03,SOAP,71
2024-07-04,SOAP,54
2024-07-05,SOAP,48
2024-07-06,SOAP,39
2024-07-07,SOAP,53
2024-07-08,SOAP,58
2024-07-09,SOAP,67
2024-07-10,SOAP,69
2024-07-11,SOAP,59
2024-07-12,SOAP,50
2024-07-13,SOAP,36
2024-07-14,SOAP,33
2024-07-15,SOAP,55
2024-07-16,SOAP,65
2024-07-17,SOAP,72
2024-07-18,SOAP,67
2024-07-19,SOAP,57
2024-07-20,SOAP,36
2024-07-21,SOAP,42
2024-07-22,SOAP,56
2024-07-23,SOAP,76
2024-07-24,SOAP,73
2024-07-25,SOAP,64
2024-07-26,SOAP,46
2024-07-27,SOAP,37
2024-07-28,SOAP,48
2024-07-29,SOAP,47
2024-07-30,SOAP,61
2024-07-31,SOAP,64
2024-08-01,SOAP,67
2024-08-02,SOAP,46
2024-08-03,SOAP,28
2024-08-04,SOAP,46
2024-08-05,SOAP,49
2024-08-06,SOAP,62
2024-08-07,SOAP,64
2024-08-08,SOAP,56
2024-08-09,SOAP,52
2024-08-10,SOAP,32
2024-08-11,SOAP,40
2024-08-12,SOAP,56
2024-08-13,SOAP,58
2024-08-14,SOAP,55
2024-08-15,SOAP,61
2024-08-16,SOAP,53
2024-08-17,SOAP,40
2024-08-18,SOAP,32
2024-08-19,SOAP,56
2024-08-20,SOAP,52
2024-08-21,SOAP,65
2024-08-22,SOAP,52
2024-08-23,SOAP,40
2024-08-24,SOAP,38
2024-08-25,SOAP,42
2024-08-26,SOAP,48
2024-08-27,SOAP,64
2024-08-28,SOAP,61
2024-08-29,SOAP,62
2024-08-30,SOAP,48
2024-08-31,SOAP,36
2024-09-01,SOAP,38
2024-09-02,SOAP,43
2024-09-03,SOAP,63
2024-09-04,SOAP,61
2024-09-05,SOAP,44
2024-09-06,SOAP,44
2024-09-07,SOAP,35
2024-09-08,SOAP,51
2024-09-09,SOAP,42
2024-09-10,SOAP,53
2024-09-11,SOAP,69
2024-09-12,SOAP,64
2024-09-13,SOAP,42
2024-09-14,SOAP,37
2024-09-15,SOAP,46
2024-09-16,SOAP,39
2024-09-17,SOAP,51
2024-09-18,SOAP,62
2024-09-19,SOAP,65
2024-09-20,SOAP,44
2024-09-21,SOAP,41
2024-09-22,SOAP,48
2024-09-23,SOAP,63
2024-09-24,SOAP,58
2024-09-25,SOAP,63
2024-09-26,SOAP,67
2024-09-27,SOAP,38
2024-09-28,SOAP,46
2024-09-29,SOAP,37
2024-09-30,SOAP,52
2024-10-01,SOAP,60
2024-10-02,SOAP,58
2024-10-03,SOAP,52
2024-10-04,SOAP,48
2024-10-05,SOAP,46
2024-10-06,SOAP,42
2024-10-07,SOAP,52
2024-10-08,SOAP,65
2024-10-09,SOAP,59
2024-10-10,SOAP,61
2024-10-11,SOAP,51
2024-10-12,SOAP,55
2024-10-13,SOAP,41
2024-10-14,SOAP,50
2024-10-15,SOAP,66
2024-10-16,SOAP,69
2024-10-17,SOAP,55
2024-10-18,SOAP,45
2024-10-19,SOAP,44
2024-10-20,SOAP,39
2024-10-21,SOAP,50
2024-10-22,SOAP,63
2024-10-23,SOAP,70
2024-10-24,SOAP,55
2024-10-25,SOAP,38
2024-10-26,SOAP,31
2024-10-27,SOAP,37
2024-10-28,SOAP,46
2024-10-29,SOAP,62
2024-10-30,SOAP,58
2024-10-31,SOAP,55
2024-11-01,SOAP,44
2024-11-02,SOAP,39
2024-11-03,SOAP,51
2024-11-04,SOAP,57
2024-11-05,SOAP,63
2024-11-06,SOAP,63
2024-11-07,SOAP,57
2024-11-08,SOAP,50
2024-11-09,SOAP,45
2024-11-10,SOAP,40
2024-11-11,SOAP,54
2024-11-12,SOAP,53
2024-11-13,SOAP,67
2024-11-14,SOAP,64
2024-11-15,SOAP,48
2024-11-16,SOAP,53
2024-11-17,SOAP,40
2024-11-18,SOAP,56
2024-11-19,SOAP,64
2024-11-20,SOAP,66
2024-11-21,SOAP,60
2024-11-22,SOAP,50
2024-11-23,SOAP,48
2024-11-24,SOAP,53
2024-11-25,SOAP,55
2024-11-26,SOAP,69
2024-11-27,SOAP,63
2024-11-28,SOAP,65
2024-11-29,SOAP,46
2024-11-30,SOAP,50
2024-12-01,SOAP,58
2024-12-02,SOAP,55
2024-12-03,SOAP,54
2024-12-04,SOAP,65
2024-12-05,SOAP,68
2024-12-06,SOAP,54
2024-12-07,SOAP,46
2024-12-08,SOAP,53
2024-12-09,SOAP,59
2024-12-10,SOAP,73
2024-12-11,SOAP,74
2024-12-12,SOAP,70
2024-12-13,SOAP,54
2024-12-14,SOAP,50
2024-12-15,SOAP,46
2024-12-16,SOAP,54
2024-12-17,SOAP,76
2024-12-18,SOAP,71
2024-12-19,SOAP,67
2024-12-20,SOAP,53
2024-12-21,SOAP,43
2024-12-22,SOAP,49
2024-12-23,SOAP,66
2024-12-24,SOAP,71
2024-12-25,SOAP,61
2024-12-26,SOAP,63
2024-12-27,SOAP,63
2024-12-28,SOAP,46
2024-12-29,SOAP,40
2024-12-30,SOAP,69
2024-12-31,SOAP,72
2025-01-01,SOAP,71
2025-01-02,SOAP,63
2025-01-03,SOAP,60
2025-01-04,SOAP,45
2025-01-05,SOAP,56
2025-01-06,SOAP,63
2025-01-07,SOAP,71
2025-01-08,SOAP,72
2025-01-09,SOAP,64
2025-01-10,SOAP,61
2025-01-11,SOAP,44
2025-01-12,SOAP,42
2025-01-13,SOAP,64
2025-01-14,SOAP,73
2025-01-15,SOAP,75
2025-01-16,SOAP,68
2025-01-17,SOAP,54
2025-01-18,SOAP,54
2025-01-19,SOAP,52
2025-01-20,SOAP,59
2025-01-21,SOAP,69
2025-01-22,SOAP,84
2025-01-23,SOAP,57
2025-01-24,SOAP,59
2025-01-25,SOAP,41
2025-01-26,SOAP,52
2025-01-27,SOAP,60
2025-01-28,SOAP,60
2025-01-29,SOAP,76
2025-01-30,SOAP,65
2025-01-31,SOAP,46
2025-02-01,SOAP,55
2025-02-02,SOAP,61
2025-02-03,SOAP,71
2025-02-04,SOAP,74
2025-02-05,SOAP,75
2025-02-06,SOAP,75
2025-02-07,SOAP,67
2025-02-08,SOAP,58
2025-02-09,SOAP,49
2025-02-10,SOAP,64
2025-02-11,SOAP,75
2025-02-12,SOAP,65
2025-02-13,SOAP,71
2025-02-14,SOAP,71
2025-02-15,SOAP,56
2025-02-16,SOAP,62
2025-02-17,SOAP,65
2025-02-18,SOAP,73
2025-02-19,SOAP,78
2025-02-20,SOAP,65
2025-02-21,SOAP,54
2025-02-22,SOAP,60
2025-02-23,SOAP,63
2025-02-24,SOAP,59
2025-02-25,SOAP,79
2025-02-26,SOAP,76
2025-02-27,SOAP,72
2025-02-28,SOAP,62
2025-03-01,SOAP,59
2025-03-02,SOAP,56
2025-03-03,SOAP,73
2025-03-04,SOAP,76
2025-03-05,SOAP,80
2025-03-06,SOAP,66
2025-03-07,SOAP,72
2025-03-08,SOAP,56
2025-03-09,SOAP,60
2025-03-10,SOAP,57
2025-03-11,SOAP,70
2025-03-12,SOAP,84
2025-03-13,SOAP,72
2025-03-14,SOAP,50
2025-03-15,SOAP,60
2025-03-16,SOAP,53
2025-03-17,SOAP,73
2025-03-18,SOAP,75
2025-03-19,SOAP,79
2025-03-20,SOAP,78
2025-03-21,SOAP,56
2025-03-22,SOAP,49
2025-03-23,SOAP,56
2025-03-24,SOAP,71
2025-03-25,SOAP,68
2025-03-26,SOAP,69
2025-03-27,SOAP,76
2025-03-28,SOAP,58
2025-03-29,SOAP,53
2025-03-30,SOAP,47
2025-03-31,SOAP,63
2025-04-01,SOAP,76
2025-04-02,SOAP,83
2025-04-03,SOAP,67
2025-04-04,SOAP,70
2025-04-05,SOAP,51
2025-04-06,SOAP,53
2025-04-07,SOAP,75
2025-04-08,SOAP,77
2025-04-09,SOAP,75
2025-04-10,SOAP,71
2025-04-11,SOAP,69
2025-04-12,SOAP,63
2025-04-13,SOAP,53
2025-04-14,SOAP,66
2025-04-15,SOAP,76
2025-04-16,SOAP,73
2025-04-17,SOAP,72
2025-04-18,SOAP,61
2025-04-19,SOAP,61
2025-04-20,SOAP,64
2025-04-21,SOAP,65
2025-04-22,SOAP,75
2025-04-23,SOAP,82
2025-04-24,SOAP,69
2025-04-25,SOAP,65
2025-04-26,SOAP,54
2025-04-27,SOAP,52
2025-04-28,SOAP,61
2025-04-29,SOAP,84
2025-04-30,SOAP,77
2025-05-01,SOAP,81
2025-05-02,SOAP,59
2025-05-03,SOAP,56
2025-05-04,SOAP,70
2025-05-05,SOAP,61
2025-05-06,SOAP,66
2025-05-07,SOAP,85
2025-05-08,SOAP,67
2025-05-09,SOAP,61
2025-05-10,SOAP,51
2025-05-11,SOAP,58
2025-05-12,SOAP,61
2025-05-13,SOAP,75
2025-05-14,SOAP,80
2025-05-15,SOAP,66
2025-05-16,SOAP,57
2025-05-17,SOAP,53
2025-05-18,SOAP,49
2025-05-19,SOAP,64
2025-05-20,SOAP,76
2025-05-21,SOAP,75
2025-05-22,SOAP,70
2025-05-23,SOAP,61
2025-05-24,SOAP,51
2025-05-25,SOAP,60
2025-05-26,SOAP,73
2025-05-27,SOAP,73
2025-05-28,SOAP,80
2025-05-29,SOAP,69
2025-05-30,SOAP,62
2025-05-31,SOAP,62
2025-06-01,SOAP,59
2025-06-02,SOAP,56
2025-06-03,SOAP,77
2025-06-04,SOAP,84
2025-06-05,SOAP,69
2025-06-06,SOAP,65
2025-06-07,SOAP,50
2025-06-08,SOAP,48
2025-06-09,SOAP,66
2025-06-10,SOAP,65
2025-06-11,SOAP,75
2025-06-12,SOAP,77
2025-06-13,SOAP,49
2025-06-14,SOAP,46
2025-06-15,SOAP,50
2025-06-16,SOAP,64
2025-06-17,SOAP,72
2025-06-18,SOAP,84
2025-06-19,SOAP,75
2025-06-20,SOAP,62
2025-06-21,SOAP,53
2025-06-22,SOAP,57
2025-06-23,SOAP,60
2024-01-01,TEA,20
2024-01-02,TEA,30
2024-01-03,TEA,36
2024-01-04,TEA,30
2024-01-05,TEA,22
2024-01-06,TEA,17
2024-01-07,TEA,20
2024-01-08,TEA,23
2024-01-09,TEA,36
2024-01-10,TEA,38
2024-01-11,TEA,32
2024-01-12,TEA,25
2024-01-13,TEA,20
2024-01-14,TEA,28
2024-01-15,TEA,27
2024-01-16,TEA,34
2024-01-17,TEA,34
2024-01-18,TEA,28
2024-01-19,TEA,20
2024-01-20,TEA,16
2024-01-21,TEA,21
2024-01-22,TEA,29
2024-01-23,TEA,36
2024-01-24,TEA,35
2024-01-25,TEA,36
2024-01-26,TEA,27
2024-01-27,TEA,19
2024-01-28,TEA,20
2024-01-29,TEA,31
2024-01-30,TEA,37
2024-01-31,TEA,33
2024-02-01,TEA,33
2024-02-02,TEA,26
2024-02-03,TEA,18
2024-02-04,TEA,23
2024-02-05,TEA,24
2024-02-06,TEA,42
2024-02-07,TEA,43
2024-02-08,TEA,33
2024-02-09,TEA,27
2024-02-10,TEA,13
2024-02-11,TEA,19
2024-02-12,TEA,29
2024-02-13,TEA,34
2024-02-14,TEA,42
2024-02-15,TEA,42
2024-02-16,TEA,23
2024-02-17,TEA,19
2024-02-18,TEA,25
2024-02-19,TEA,37
2024-02-20,TEA,34
2024-02-21,TEA,41
2024-02-22,TEA,42
2024-02-23,TEA,21
2024-02-24,TEA,18
2024-02-25,TEA,23
2024-02-26,TEA,30
2024-02-27,TEA,42
2024-02-28,TEA,41
2024-02-29,TEA,29
2024-03-01,TEA,30
2024-03-02,TEA,21
2024-03-03,TEA,29
2024-03-04,TEA,30
2024-03-05,TEA,37
2024-03-06,TEA,43
2024-03-07,TEA,39
2024-03-08,TEA,30
2024-03-09,TEA,17
2024-03-10,TEA,27
2024-03-11,TEA,29
2024-03-12,TEA,40
2024-03-13,TEA,36
2024-03-14,TEA,38
2024-03-15,TEA,26
2024-03-16,TEA,19
2024-03-17,TEA,28
2024-03-18,TEA,34
2024-03-19,TEA,38
2024-03-20,TEA,47
2024-03-21,TEA,35
2024-03-22,TEA,29
2024-03-23,TEA,25
2024-03-24,TEA,24
2024-03-25,TEA,35
2024-03-26,TEA,38
2024-03-27,TEA,40
2024-03-28,TEA,42
2024-03-29,TEA,26
2024-03-30,TEA,16
2024-03-31,TEA,32
2024-04-01,TEA,42
2024-04-02,TEA,39
2024-04-03,TEA,35
2024-04-04,TEA,36
2024-04-05,TEA,28
2024-04-06,TEA,24
2024-04-07,TEA,22
2024-04-08,TEA,36
2024-04-09,TEA,42
2024-04-10,TEA,37
2024-04-11,TEA,40
2024-04-12,TEA,37
2024-04-13,TEA,25
2024-04-14,TEA,25
2024-04-15,TEA,33
2024-04-16,TEA,43
2024-04-17,TEA,36
2024-04-18,TEA,38
2024-04-19,TEA,28
2024-04-20,TEA,31
2024-04-21,TEA,26
2024-04-22,TEA,39
2024-04-23,TEA,37
2024-04-24,TEA,44
2024-04-25,TEA,39
2024-04-26,TEA,26
2024-04-27,TEA,25
2024-04-28,TEA,31
2024-04-29,TEA,32
2024-04-30,TEA,34
2024-05-01,TEA,42
2024-05-02,TEA,34
2024-05-03,TEA,28
2024-05-04,TEA,24
2024-05-05,TEA,20
2024-05-06,TEA,27
2024-05-07,TEA,42
2024-05-08,TEA,40
2024-05-09,TEA,28
2024-05-10,TEA,32
2024-05-11,TEA,25
2024-05-12,TEA,24
2024-05-13,TEA,28
2024-05-14,TEA,43
2024-05-15,TEA,43
2024-05-16,TEA,45
2024-05-17,TEA,31
2024-05-18,TEA,26
2024-05-19,TEA,25
2024-05-20,TEA,36
2024-05-21,TEA,42
2024-05-22,TEA,46
2024-05-23,TEA,35
2024-05-24,TEA,27
2024-05-25,TEA,22
2024-05-26,TEA,28
2024-05-27,TEA,38
2024-05-28,TEA,38
2024-05-29,TEA,40
2024-05-30,TEA,37
2024-05-31,TEA,28
2024-06-01,TEA,27
2024-06-02,TEA,17
2024-06-03,TEA,29
2024-06-04,TEA,36
2024-06-05,TEA,33
2024-06-06,TEA,32
2024-06-07,TEA,25
2024-06-08,TEA,22
2024-06-09,TEA,29
2024-06-10,TEA,31
2024-06-11,TEA,35
2024-06-12,TEA,40
2024-06-13,TEA,39
2024-06-14,TEA,24
2024-06-15,TEA,19
2024-06-16,TEA,26
2024-06-17,TEA,31
2024-06-18,TEA,41
2024-06-19,TEA,40
2024-06-20,TEA,38
2024-06-21,TEA,24
2024-06-22,TEA,22
2024-06-23,TEA,23
2024-06-24,TEA,27
2024-06-25,TEA,32
2024-06-26,TEA,42
2024-06-27,TEA,33
2024-06-28,TEA,23
2024-06-29,TEA,22
2024-06-30,TEA,28
2024-07-01,TEA,22
2024-07-02,TEA,32
2024-07-03,TEA,36
2024-07-04,TEA,40
2024-07-05,TEA,27
2024-07-06,TEA,24
2024-07-07,TEA,19
2024-07-08,TEA,26
2024-07-09,TEA,39
2024-07-10,TEA,39
2024-07-11,TEA,36
2024-07-12,TEA,25
2024-07-13,TEA,22
2024-07-14,TEA,23
2024-07-15,TEA,33
2024-07-16,TEA,40
2024-07-17,TEA,33
2024-07-18,TEA,25
2024-07-19,TEA,29
2024-07-20,TEA,25
2024-07-21,TEA,19
2024-07-22,TEA,23
2024-07-23,TEA,37
2024-07-24,TEA,41
2024-07-25,TEA,40
2024-07-26,TEA,27
2024-07-27,TEA,19
2024-07-28,TEA,19
2024-07-29,TEA,29
2024-07-30,TEA,35
2024-07-31,TEA,34
2024-08-01,TEA,40
2024-08-02,TEA,31
2024-08-03,TEA,24
2024-08-04,TEA,18
2024-08-05,TEA,32
2024-08-06,TEA,38
2024-08-07,TEA,39
2024-08-08,TEA,37
2024-08-09,TEA,27
2024-08-10,TEA,22
2024-08-11,TEA,24
2024-08-12,TEA,30
2024-08-13,TEA,29
2024-08-14,TEA,37
2024-08-15,TEA,30
2024-08-16,TEA,20
2024-08-17,TEA,25
2024-08-18,TEA,27
2024-08-19,TEA,33
2024-08-20,TEA,36
2024-08-21,TEA,42
2024-08-22,TEA,32
2024-08-23,TEA,25
2024-08-24,TEA,15
2024-08-25,TEA,22
2024-08-26,TEA,28
2024-08-27,TEA,30
2024-08-28,TEA,36
2024-08-29,TEA,31
2024-08-30,TEA,30
2024-08-31,TEA,22
2024-09-01,TEA,21
2024-09-02,TEA,29
2024-09-03,TEA,35
2024-09-04,TEA,36
2024-09-05,TEA,28
2024-09-06,TEA,23
2024-09-07,TEA,16
2024-09-08,TEA,16
2024-09-09,TEA,29
2024-09-10,TEA,36
2024-09-11,TEA,30
2024-09-12,TEA,31
2024-09-13,TEA,27
2024-09-14,TEA,23
2024-09-15,TEA,24
2024-09-16,TEA,28
2024-09-17,TEA,32
2024-09-18,TEA,33
2024-09-19,TEA,33
2024-09-20,TEA,25
2024-09-21,TEA,24
2024-09-22,TEA,25
2024-09-23,TEA,27
2024-09-24,TEA,30
2024-09-25,TEA,35
2024-09-26,TEA,32
2024-09-27,TEA,23
2024-09-28,TEA,17
2024-09-29,TEA,22
2024-09-30,TEA,26
2024-10-01,TEA,33
2024-10-02,TEA,38
2024-10-03,TEA,30
2024-10-04,TEA,25
2024-10-05,TEA,20
2024-10-06,TEA,17
2024-10-07,TEA,26
2024-10-08,TEA,40
2024-10-09,TEA,33
2024-10-10,TEA,24
2024-10-11,TEA,18
2024-10-12,TEA,20
2024-10-13,TEA,21
2024-10-14,TEA,28
2024-10-15,TEA,40
2024-10-16,TEA,28
2024-10-17,TEA,34
2024-10-18,TEA,30
2024-10-19,TEA,16
2024-10-20,TEA,20
2024-10-21,TEA,26
2024-10-22,TEA,33
2024-10-23,TEA,36
2024-10-24,TEA,38
2024-10-25,TEA,32
2024-10-26,TEA,19
2024-10-27,TEA,29
2024-10-28,TEA,29
2024-10-29,TEA,42
2024-10-30,TEA,38
2024-10-31,TEA,34
2024-11-01,TEA,27
2024-11-02,TEA,32
2024-11-03,TEA,26
2024-11-04,TEA,27
2024-11-05,TEA,40
2024-11-06,TEA,37
2024-11-07,TEA,32
2024-11-08,TEA,29
2024-11-09,TEA,21
2024-11-10,TEA,24
2024-11-11,TEA,30
2024-11-12,TEA,38
2024-11-13,TEA,41
2024-11-14,TEA,27
2024-11-15,TEA,29
2024-11-16,TEA,18
2024-11-17,TEA,18
2024-11-18,TEA,30
2024-11-19,TEA,38
2024-11-20,TEA,37
2024-11-21,TEA,38
2024-11-22,TEA,22
2024-11-23,TEA,21
2024-11-24,TEA,22
2024-11-25,TEA,31
2024-11-26,TEA,39
2024-11-27,TEA,37
2024-11-28,TEA,38
2024-11-29,TEA,28
2024-11-30,TEA,16
2024-12-01,TEA,18
2024-12-02,TEA,32
2024-12-03,TEA,38
2024-12-04,TEA,41
2024-12-05,TEA,36
2024-12-06,TEA,29
2024-12-07,TEA,27
2024-12-08,TEA,22
2024-12-09,TEA,29
2024-12-10,TEA,36
2024-12-11,TEA,43
2024-12-12,TEA,41
2024-12-13,TEA,28
2024-12-14,TEA,15
2024-12-15,TEA,20
2024-12-16,TEA,30
2024-12-17,TEA,39
2024-12-18,TEA,41
2024-12-19,TEA,38
2024-12-20,TEA,29
2024-12-21,TEA,29
2024-12-22,TEA,25
2024-12-23,TEA,31
2024-12-24,TEA,43
2024-12-25,TEA,38
2024-12-26,TEA,40
2024-12-27,TEA,31
2024-12-28,TEA,25
2024-12-29,TEA,34
2024-12-30,TEA,33
2024-12-31,TEA,50
2025-01-01,TEA,43
2025-01-02,TEA,35
2025-01-03,TEA,32
2025-01-04,TEA,23
2025-01-05,TEA,26
2025-01-06,TEA,37
2025-01-07,TEA,45
2025-01-08,TEA,43
2025-01-09,TEA,44
2025-01-10,TEA,36
2025-01-11,TEA,33
2025-01-12,TEA,31
2025-01-13,TEA,41
2025-01-14,TEA,37
2025-01-15,TEA,44
2025-01-16,TEA,38
2025-01-17,TEA,34
2025-01-18,TEA,26
2025-01-19,TEA,30
2025-01-20,TEA,44
2025-01-21,TEA,44
2025-01-22,TEA,48
2025-01-23,TEA,41
2025-01-24,TEA,34
2025-01-25,TEA,29
2025-01-26,TEA,33
2025-01-27,TEA,42
2025-01-28,TEA,51
2025-01-29,TEA,48
2025-01-30,TEA,44
2025-01-31,TEA,30
2025-02-01,TEA,29
2025-02-02,TEA,35
2025-02-03,TEA,42
2025-02-04,TEA,47
2025-02-05,TEA,51
2025-02-06,TEA,45
2025-02-07,TEA,40
2025-02-08,TEA,31
2025-02-09,TEA,31
2025-02-10,TEA,41
2025-02-11,TEA,36
2025-02-12,TEA,50
2025-02-13,TEA,30
2025-02-14,TEA,30
2025-02-15,TEA,33
2025-02-16,TEA,35
2025-02-17,TEA,36
2025-02-18,TEA,45
2025-02-19,TEA,54
2025-02-20,TEA,42
2025-02-21,TEA,44
2025-02-22,TEA,32
2025-02-23,TEA,35
2025-02-24,TEA,46
2025-02-25,TEA,48
2025-02-26,TEA,46
2025-02-27,TEA,44
2025-02-28,TEA,37
2025-03-01,TEA,27
2025-03-02,TEA,33
2025-03-03,TEA,38
2025-03-04,TEA,51
2025-03-05,TEA,50
2025-03-06,TEA,44
2025-03-07,TEA,37
2025-03-08,TEA,33
2025-03-09,TEA,37
2025-03-10,TEA,38
2025-03-11,TEA,45
2025-03-12,TEA,54
2025-03-13,TEA,44
2025-03-14,TEA,33
2025-03-15,TEA,35
2025-03-16,TEA,36
2025-03-17,TEA,36
2025-03-18,TEA,50
2025-03-19,TEA,53
2025-03-20,TEA,47
2025-03-21,TEA,40
2025-03-22,TEA,28
2025-03-23,TEA,36
2025-03-24,TEA,41
2025-03-25,TEA,47
2025-03-26,TEA,54
2025-03-27,TEA,51
2025-03-28,TEA,45
2025-03-29,TEA,38
2025-03-30,TEA,35
2025-03-31,TEA,44
2025-04-01,TEA,52
2025-04-02,TEA,52
2025-04-03,TEA,47
2025-04-04,TEA,42
2025-04-05,TEA,34
2025-04-06,TEA,33
2025-04-07,TEA,41
2025-04-08,TEA,52
2025-04-09,TEA,51
2025-04-10,TEA,48
2025-04-11,TEA,41
2025-04-12,TEA,32
2025-04-13,TEA,38
2025-04-14,TEA,44
2025-04-15,TEA,45
2025-04-16,TEA,57
2025-04-17,TEA,45
2025-04-18,TEA,33
2025-04-19,TEA,30
2025-04-20,TEA,32
2025-04-21,TEA,43
2025-04-22,TEA,49
2025-04-23,TEA,50
2025-04-24,TEA,49
2025-04-25,TEA,40
2025-04-26,TEA,35
2025-04-27,TEA,37
2025-04-28,TEA,45
2025-04-29,TEA,42
2025-04-30,TEA,50
2025-05-01,TEA,39
2025-05-02,TEA,39
2025-05-03,TEA,34
2025-05-04,TEA,39
2025-05-05,TEA,47
2025-05-06,TEA,50
2025-05-07,TEA,49
2025-05-08,TEA,48
2025-05-09,TEA,37
2025-05-10,TEA,34
2025-05-11,TEA,39
2025-05-12,TEA,40
2025-05-13,TEA,52
2025-05-14,TEA,53
2025-05-15,TEA,43
2025-05-16,TEA,42
2025-05-17,TEA,36
2025-05-18,TEA,35
2025-05-19,TEA,39
2025-05-20,TEA,46
2025-05-21,TEA,49
2025-05-22,TEA,48
2025-05-23,TEA,34
2025-05-24,TEA,35
2025-05-25,TEA,30
2025-05-26,TEA,41
2025-05-27,TEA,49
2025-05-28,TEA,59
2025-05-29,TEA,41
2025-05-30,TEA,43
2025-05-31,TEA,33
2025-06-01,TEA,36
2025-06-02,TEA,42
2025-06-03,TEA,50
2025-06-04,TEA,50
2025-06-05,TEA,50
2025-06-06,TEA,36
2025-06-07,TEA,36
2025-06-08,TEA,32
2025-06-09,TEA,41
2025-06-10,TEA,44
2025-06-11,TEA,51
2025-06-12,TEA,50
2025-06-13,TEA,37
2025-06-14,TEA,31
2025-06-15,TEA,30
2025-06-16,TEA,40
2025-06-17,TEA,42
2025-06-18,TEA,46
2025-06-19,TEA,45
2025-06-20,TEA,41
2025-06-21,TEA,42
2025-06-22,TEA,31
2025-06-23,TEA,45
